,gene,Category
1,RVBD0650,Glycolysis_/_Gluconeogenesis
2,RVBD0946c,Glycolysis_/_Gluconeogenesis
3,RVBD2029c,Glycolysis_/_Gluconeogenesis
4,RVBD3010c,Glycolysis_/_Gluconeogenesis
5,RVBD1099c,Glycolysis_/_Gluconeogenesis
6,RVBD0363c,Glycolysis_/_Gluconeogenesis
7,RVBD1438,Glycolysis_/_Gluconeogenesis
8,RVBD1436,Glycolysis_/_Gluconeogenesis
9,RVBD1437,Glycolysis_/_Gluconeogenesis
10,RVBD0489,Glycolysis_/_Gluconeogenesis
11,RVBD1023,Glycolysis_/_Gluconeogenesis
12,RVBD1617,Glycolysis_/_Gluconeogenesis
13,RVBD2241,Glycolysis_/_Gluconeogenesis
14,RVBD2497c,Glycolysis_/_Gluconeogenesis
15,RVBD0843,Glycolysis_/_Gluconeogenesis
16,RVBD2496c,Glycolysis_/_Gluconeogenesis
17,RVBD2495c,Glycolysis_/_Gluconeogenesis
18,RVBD0462,Glycolysis_/_Gluconeogenesis
19,RVBD3303c,Glycolysis_/_Gluconeogenesis
20,RVBD0794c,Glycolysis_/_Gluconeogenesis
21,RVBD2455c,Glycolysis_/_Gluconeogenesis
22,RVBD2454c,Glycolysis_/_Gluconeogenesis
23,RVBD0761c,Glycolysis_/_Gluconeogenesis
24,RVBD1862,Glycolysis_/_Gluconeogenesis
25,RVBD0162c,Glycolysis_/_Gluconeogenesis
26,RVBD1530,Glycolysis_/_Gluconeogenesis
27,RVBD0768,Glycolysis_/_Gluconeogenesis
28,RVBD2858c,Glycolysis_/_Gluconeogenesis
29,RVBD0147,Glycolysis_/_Gluconeogenesis
30,RVBD0223c,Glycolysis_/_Gluconeogenesis
31,RVBD3293,Glycolysis_/_Gluconeogenesis
32,RVBD0458,Glycolysis_/_Gluconeogenesis
33,RVBD3667,Glycolysis_/_Gluconeogenesis
34,RVBD3068c,Glycolysis_/_Gluconeogenesis
35,RVBD2702,Glycolysis_/_Gluconeogenesis
36,RVBD0211,Glycolysis_/_Gluconeogenesis
37,RVBD0889c,Citrate_cycle_(TCA_cycle)
38,RVBD0896,Citrate_cycle_(TCA_cycle)
39,RVBD1131,Citrate_cycle_(TCA_cycle)
40,RVBD1475c,Citrate_cycle_(TCA_cycle)
41,RVBD0066c,Citrate_cycle_(TCA_cycle)
42,RVBD3339c,Citrate_cycle_(TCA_cycle)
43,RVBD2215,Citrate_cycle_(TCA_cycle)
44,RVBD0462,Citrate_cycle_(TCA_cycle)
45,RVBD3303c,Citrate_cycle_(TCA_cycle)
46,RVBD0794c,Citrate_cycle_(TCA_cycle)
47,RVBD2455c,Citrate_cycle_(TCA_cycle)
48,RVBD2454c,Citrate_cycle_(TCA_cycle)
49,RVBD0952,Citrate_cycle_(TCA_cycle)
50,RVBD0951,Citrate_cycle_(TCA_cycle)
51,RVBD3318,Citrate_cycle_(TCA_cycle)
52,RVBD0248c,Citrate_cycle_(TCA_cycle)
53,RVBD3319,Citrate_cycle_(TCA_cycle)
54,RVBD0247c,Citrate_cycle_(TCA_cycle)
55,RVBD3316,Citrate_cycle_(TCA_cycle)
56,RVBD3317,Citrate_cycle_(TCA_cycle)
57,RVBD1552,Citrate_cycle_(TCA_cycle)
58,RVBD1553,Citrate_cycle_(TCA_cycle)
59,RVBD1554,Citrate_cycle_(TCA_cycle)
60,RVBD1555,Citrate_cycle_(TCA_cycle)
61,RVBD1098c,Citrate_cycle_(TCA_cycle)
62,RVBD1240,Citrate_cycle_(TCA_cycle)
63,RVBD2852c,Citrate_cycle_(TCA_cycle)
64,RVBD2967c,Citrate_cycle_(TCA_cycle)
65,RVBD0211,Citrate_cycle_(TCA_cycle)
66,RVBD2241,Citrate_cycle_(TCA_cycle)
67,RVBD2497c,Citrate_cycle_(TCA_cycle)
68,RVBD0843,Citrate_cycle_(TCA_cycle)
69,RVBD2496c,Citrate_cycle_(TCA_cycle)
70,RVBD2495c,Citrate_cycle_(TCA_cycle)
71,RVBD0946c,Pentose_phosphate_pathway
72,RVBD1121,Pentose_phosphate_pathway
73,RVBD1447c,Pentose_phosphate_pathway
74,RVBD1445c,Pentose_phosphate_pathway
75,RVBD1122,Pentose_phosphate_pathway
76,RVBD1844c,Pentose_phosphate_pathway
77,RVBD1408,Pentose_phosphate_pathway
78,RVBD1449c,Pentose_phosphate_pathway
79,RVBD1448c,Pentose_phosphate_pathway
80,RVBD2465c,Pentose_phosphate_pathway
81,RVBD0478,Pentose_phosphate_pathway
82,RVBD2436,Pentose_phosphate_pathway
83,RVBD3068c,Pentose_phosphate_pathway
84,RVBD1017c,Pentose_phosphate_pathway
85,RVBD0363c,Pentose_phosphate_pathway
86,RVBD1099c,Pentose_phosphate_pathway
87,RVBD2029c,Pentose_phosphate_pathway
88,RVBD3010c,Pentose_phosphate_pathway
89,RVBD0322,Pentose_and_glucuronate_interconversions
90,RVBD0993,Pentose_and_glucuronate_interconversions
91,RVBD1408,Pentose_and_glucuronate_interconversions
92,RVBD0729,Pentose_and_glucuronate_interconversions
93,RVBD3255c,Fructose_and_mannose_metabolism
94,RVBD3308,Fructose_and_mannose_metabolism
95,RVBD3257c,Fructose_and_mannose_metabolism
96,RVBD3264c,Fructose_and_mannose_metabolism
97,RVBD1511,Fructose_and_mannose_metabolism
98,RVBD1512,Fructose_and_mannose_metabolism
99,RVBD0727c,Fructose_and_mannose_metabolism
100,RVBD2029c,Fructose_and_mannose_metabolism
101,RVBD3010c,Fructose_and_mannose_metabolism
102,RVBD1099c,Fructose_and_mannose_metabolism
103,RVBD0363c,Fructose_and_mannose_metabolism
104,RVBD1438,Fructose_and_mannose_metabolism
105,RVBD0112,Fructose_and_mannose_metabolism
106,RVBD2465c,Fructose_and_mannose_metabolism
107,RVBD0620,Galactose_metabolism
108,RVBD0806c,Galactose_metabolism
109,RVBD3634c,Galactose_metabolism
110,RVBD0501,Galactose_metabolism
111,RVBD0993,Galactose_metabolism
112,RVBD3068c,Galactose_metabolism
113,RVBD0650,Galactose_metabolism
114,RVBD3809c,Galactose_metabolism
115,RVBD2029c,Galactose_metabolism
116,RVBD3010c,Galactose_metabolism
117,RVBD2471,Galactose_metabolism
118,RVBD0322,Ascorbate_and_aldarate_metabolism
119,RVBD0768,Ascorbate_and_aldarate_metabolism
120,RVBD2858c,Ascorbate_and_aldarate_metabolism
121,RVBD0147,Ascorbate_and_aldarate_metabolism
122,RVBD0223c,Ascorbate_and_aldarate_metabolism
123,RVBD3293,Ascorbate_and_aldarate_metabolism
124,RVBD2471,Starch_and_sucrose_metabolism
125,RVBD0993,Starch_and_sucrose_metabolism
126,RVBD0186,Starch_and_sucrose_metabolism
127,RVBD0062,Starch_and_sucrose_metabolism
128,RVBD1213,Starch_and_sucrose_metabolism
129,RVBD3032,Starch_and_sucrose_metabolism
130,RVBD1326c,Starch_and_sucrose_metabolism
131,RVBD3031,Starch_and_sucrose_metabolism
132,RVBD1328,Starch_and_sucrose_metabolism
133,RVBD0126,Starch_and_sucrose_metabolism
134,RVBD1781c,Starch_and_sucrose_metabolism
135,RVBD0127,Starch_and_sucrose_metabolism
136,RVBD1327c,Starch_and_sucrose_metabolism
137,RVBD1212c,Starch_and_sucrose_metabolism
138,RVBD1564c,Starch_and_sucrose_metabolism
139,RVBD1563c,Starch_and_sucrose_metabolism
140,RVBD1562c,Starch_and_sucrose_metabolism
141,RVBD3490,Starch_and_sucrose_metabolism
142,RVBD3372,Starch_and_sucrose_metabolism
143,RVBD2006,Starch_and_sucrose_metabolism
144,RVBD2402,Starch_and_sucrose_metabolism
145,RVBD3068c,Starch_and_sucrose_metabolism
146,RVBD0650,Starch_and_sucrose_metabolism
147,RVBD0946c,Starch_and_sucrose_metabolism
148,RVBD0237,Amino_sugar_and_nucleotide_sugar_metabolism
149,RVBD1018c,Amino_sugar_and_nucleotide_sugar_metabolism
150,RVBD1315,Amino_sugar_and_nucleotide_sugar_metabolism
151,RVBD0482,Amino_sugar_and_nucleotide_sugar_metabolism
152,RVBD3441c,Amino_sugar_and_nucleotide_sugar_metabolism
153,RVBD3332,Amino_sugar_and_nucleotide_sugar_metabolism
154,RVBD3436c,Amino_sugar_and_nucleotide_sugar_metabolism
155,RVBD0650,Amino_sugar_and_nucleotide_sugar_metabolism
156,RVBD2702,Amino_sugar_and_nucleotide_sugar_metabolism
157,RVBD0946c,Amino_sugar_and_nucleotide_sugar_metabolism
158,RVBD3068c,Amino_sugar_and_nucleotide_sugar_metabolism
159,RVBD0993,Amino_sugar_and_nucleotide_sugar_metabolism
160,RVBD0322,Amino_sugar_and_nucleotide_sugar_metabolism
161,RVBD0620,Amino_sugar_and_nucleotide_sugar_metabolism
162,RVBD0806c,Amino_sugar_and_nucleotide_sugar_metabolism
163,RVBD3634c,Amino_sugar_and_nucleotide_sugar_metabolism
164,RVBD0501,Amino_sugar_and_nucleotide_sugar_metabolism
165,RVBD3809c,Amino_sugar_and_nucleotide_sugar_metabolism
166,RVBD3308,Amino_sugar_and_nucleotide_sugar_metabolism
167,RVBD3257c,Amino_sugar_and_nucleotide_sugar_metabolism
168,RVBD3264c,Amino_sugar_and_nucleotide_sugar_metabolism
169,RVBD1511,Amino_sugar_and_nucleotide_sugar_metabolism
170,RVBD0112,Amino_sugar_and_nucleotide_sugar_metabolism
171,RVBD3255c,Amino_sugar_and_nucleotide_sugar_metabolism
172,RVBD1512,Amino_sugar_and_nucleotide_sugar_metabolism
173,RVBD1213,Amino_sugar_and_nucleotide_sugar_metabolism
174,RVBD3667,Pyruvate_metabolism
175,RVBD2455c,Pyruvate_metabolism
176,RVBD2454c,Pyruvate_metabolism
177,RVBD2241,Pyruvate_metabolism
178,RVBD2497c,Pyruvate_metabolism
179,RVBD0843,Pyruvate_metabolism
180,RVBD2496c,Pyruvate_metabolism
181,RVBD2495c,Pyruvate_metabolism
182,RVBD0462,Pyruvate_metabolism
183,RVBD3303c,Pyruvate_metabolism
184,RVBD0794c,Pyruvate_metabolism
185,RVBD3535c,Pyruvate_metabolism
186,RVBD0409,Pyruvate_metabolism
187,RVBD0408,Pyruvate_metabolism
188,RVBD1617,Pyruvate_metabolism
189,RVBD0904c,Pyruvate_metabolism
190,RVBD3285,Pyruvate_metabolism
191,RVBD2501c,Pyruvate_metabolism
192,RVBD2247,Pyruvate_metabolism
193,RVBD2922A,Pyruvate_metabolism
194,RVBD0768,Pyruvate_metabolism
195,RVBD2858c,Pyruvate_metabolism
196,RVBD0147,Pyruvate_metabolism
197,RVBD0223c,Pyruvate_metabolism
198,RVBD3293,Pyruvate_metabolism
199,RVBD0458,Pyruvate_metabolism
200,RVBD0694,Pyruvate_metabolism
201,RVBD1872c,Pyruvate_metabolism
202,RVBD2581c,Pyruvate_metabolism
203,RVBD2332,Pyruvate_metabolism
204,RVBD2967c,Pyruvate_metabolism
205,RVBD1240,Pyruvate_metabolism
206,RVBD2852c,Pyruvate_metabolism
207,RVBD1098c,Pyruvate_metabolism
208,RVBD1552,Pyruvate_metabolism
209,RVBD1553,Pyruvate_metabolism
210,RVBD1554,Pyruvate_metabolism
211,RVBD1555,Pyruvate_metabolism
212,RVBD0211,Pyruvate_metabolism
213,RVBD1127c,Pyruvate_metabolism
214,RVBD1837c,Pyruvate_metabolism
215,RVBD1323,Pyruvate_metabolism
216,RVBD1074c,Pyruvate_metabolism
217,RVBD1867,Pyruvate_metabolism
218,RVBD3546,Pyruvate_metabolism
219,RVBD0859,Pyruvate_metabolism
220,RVBD0914c,Pyruvate_metabolism
221,RVBD3523,Pyruvate_metabolism
222,RVBD0243,Pyruvate_metabolism
223,RVBD3556c,Pyruvate_metabolism
224,RVBD3710,Pyruvate_metabolism
225,RVBD1915,Glyoxylate_and_dicarboxylate_metabolism
226,RVBD1916,Glyoxylate_and_dicarboxylate_metabolism
227,RVBD0467,Glyoxylate_and_dicarboxylate_metabolism
228,RVBD3667,Glyoxylate_and_dicarboxylate_metabolism
229,RVBD1837c,Glyoxylate_and_dicarboxylate_metabolism
230,RVBD1240,Glyoxylate_and_dicarboxylate_metabolism
231,RVBD0889c,Glyoxylate_and_dicarboxylate_metabolism
232,RVBD0896,Glyoxylate_and_dicarboxylate_metabolism
233,RVBD1131,Glyoxylate_and_dicarboxylate_metabolism
234,RVBD1475c,Glyoxylate_and_dicarboxylate_metabolism
235,RVBD1323,Glyoxylate_and_dicarboxylate_metabolism
236,RVBD1074c,Glyoxylate_and_dicarboxylate_metabolism
237,RVBD1867,Glyoxylate_and_dicarboxylate_metabolism
238,RVBD3546,Glyoxylate_and_dicarboxylate_metabolism
239,RVBD0859,Glyoxylate_and_dicarboxylate_metabolism
240,RVBD0914c,Glyoxylate_and_dicarboxylate_metabolism
241,RVBD3523,Glyoxylate_and_dicarboxylate_metabolism
242,RVBD0243,Glyoxylate_and_dicarboxylate_metabolism
243,RVBD3556c,Glyoxylate_and_dicarboxylate_metabolism
244,RVBD1322A,Glyoxylate_and_dicarboxylate_metabolism
245,RVBD0973c,Glyoxylate_and_dicarboxylate_metabolism
246,RVBD3280,Glyoxylate_and_dicarboxylate_metabolism
247,RVBD3285,Glyoxylate_and_dicarboxylate_metabolism
248,RVBD2501c,Glyoxylate_and_dicarboxylate_metabolism
249,RVBD2247,Glyoxylate_and_dicarboxylate_metabolism
250,RVBD1493,Glyoxylate_and_dicarboxylate_metabolism
251,RVBD1492,Glyoxylate_and_dicarboxylate_metabolism
252,RVBD1257c,Glyoxylate_and_dicarboxylate_metabolism
253,RVBD2220,Glyoxylate_and_dicarboxylate_metabolism
254,RVBD2222c,Glyoxylate_and_dicarboxylate_metabolism
255,RVBD2860c,Glyoxylate_and_dicarboxylate_metabolism
256,RVBD1878,Glyoxylate_and_dicarboxylate_metabolism
257,RVBD0070c,Glyoxylate_and_dicarboxylate_metabolism
258,RVBD1093,Glyoxylate_and_dicarboxylate_metabolism
259,RVBD1832,Glyoxylate_and_dicarboxylate_metabolism
260,RVBD2211c,Glyoxylate_and_dicarboxylate_metabolism
261,RVBD0462,Glyoxylate_and_dicarboxylate_metabolism
262,RVBD3303c,Glyoxylate_and_dicarboxylate_metabolism
263,RVBD0794c,Glyoxylate_and_dicarboxylate_metabolism
264,RVBD1826,Glyoxylate_and_dicarboxylate_metabolism
265,RVBD2205c,Glyoxylate_and_dicarboxylate_metabolism
266,RVBD2964,Glyoxylate_and_dicarboxylate_metabolism
267,RVBD0118c,Glyoxylate_and_dicarboxylate_metabolism
268,RVBD3667,Propanoate_metabolism
269,RVBD0409,Propanoate_metabolism
270,RVBD0408,Propanoate_metabolism
271,RVBD0462,Propanoate_metabolism
272,RVBD3303c,Propanoate_metabolism
273,RVBD0794c,Propanoate_metabolism
274,RVBD1142c,Propanoate_metabolism
275,RVBD1935c,Propanoate_metabolism
276,RVBD2679,Propanoate_metabolism
277,RVBD2831,Propanoate_metabolism
278,RVBD3373,Propanoate_metabolism
279,RVBD3516,Propanoate_metabolism
280,RVBD3774,Propanoate_metabolism
281,RVBD1070c,Propanoate_metabolism
282,RVBD0905,Propanoate_metabolism
283,RVBD1472,Propanoate_metabolism
284,RVBD2486,Propanoate_metabolism
285,RVBD3039c,Propanoate_metabolism
286,RVBD0222,Propanoate_metabolism
287,RVBD0456c,Propanoate_metabolism
288,RVBD0632c,Propanoate_metabolism
289,RVBD0675,Propanoate_metabolism
290,RVBD0971c,Propanoate_metabolism
291,RVBD1071c,Propanoate_metabolism
292,RVBD3550,Propanoate_metabolism
293,RVBD0673,Propanoate_metabolism
294,RVBD1141c,Propanoate_metabolism
295,RVBD0860,Propanoate_metabolism
296,RVBD0904c,Propanoate_metabolism
297,RVBD3285,Propanoate_metabolism
298,RVBD2501c,Propanoate_metabolism
299,RVBD2247,Propanoate_metabolism
300,RVBD2589,Propanoate_metabolism
301,RVBD0973c,Propanoate_metabolism
302,RVBD3280,Propanoate_metabolism
303,RVBD1322A,Propanoate_metabolism
304,RVBD1493,Propanoate_metabolism
305,RVBD1492,Propanoate_metabolism
306,RVBD0951,Propanoate_metabolism
307,RVBD0952,Propanoate_metabolism
308,RVBD0753c,Propanoate_metabolism
309,RVBD1130,Propanoate_metabolism
310,RVBD1323,Propanoate_metabolism
311,RVBD1074c,Propanoate_metabolism
312,RVBD1867,Propanoate_metabolism
313,RVBD3546,Propanoate_metabolism
314,RVBD0859,Propanoate_metabolism
315,RVBD0914c,Propanoate_metabolism
316,RVBD3523,Propanoate_metabolism
317,RVBD0243,Propanoate_metabolism
318,RVBD3556c,Propanoate_metabolism
319,RVBD1323,Butanoate_metabolism
320,RVBD1074c,Butanoate_metabolism
321,RVBD1867,Butanoate_metabolism
322,RVBD3546,Butanoate_metabolism
323,RVBD0859,Butanoate_metabolism
324,RVBD0914c,Butanoate_metabolism
325,RVBD3523,Butanoate_metabolism
326,RVBD0243,Butanoate_metabolism
327,RVBD3556c,Butanoate_metabolism
328,RVBD1715,Butanoate_metabolism
329,RVBD0468,Butanoate_metabolism
330,RVBD0860,Butanoate_metabolism
331,RVBD1142c,Butanoate_metabolism
332,RVBD1935c,Butanoate_metabolism
333,RVBD2679,Butanoate_metabolism
334,RVBD2831,Butanoate_metabolism
335,RVBD3373,Butanoate_metabolism
336,RVBD3516,Butanoate_metabolism
337,RVBD3774,Butanoate_metabolism
338,RVBD1070c,Butanoate_metabolism
339,RVBD0905,Butanoate_metabolism
340,RVBD1472,Butanoate_metabolism
341,RVBD2486,Butanoate_metabolism
342,RVBD3039c,Butanoate_metabolism
343,RVBD0222,Butanoate_metabolism
344,RVBD0456c,Butanoate_metabolism
345,RVBD0632c,Butanoate_metabolism
346,RVBD0675,Butanoate_metabolism
347,RVBD0971c,Butanoate_metabolism
348,RVBD1071c,Butanoate_metabolism
349,RVBD3550,Butanoate_metabolism
350,RVBD0673,Butanoate_metabolism
351,RVBD1141c,Butanoate_metabolism
352,RVBD3535c,Butanoate_metabolism
353,RVBD3318,Butanoate_metabolism
354,RVBD0248c,Butanoate_metabolism
355,RVBD3319,Butanoate_metabolism
356,RVBD0247c,Butanoate_metabolism
357,RVBD3316,Butanoate_metabolism
358,RVBD3317,Butanoate_metabolism
359,RVBD1552,Butanoate_metabolism
360,RVBD1553,Butanoate_metabolism
361,RVBD1554,Butanoate_metabolism
362,RVBD1555,Butanoate_metabolism
363,RVBD3432c,Butanoate_metabolism
364,RVBD2589,Butanoate_metabolism
365,RVBD0234c,Butanoate_metabolism
366,RVBD1731,Butanoate_metabolism
367,RVBD2455c,Butanoate_metabolism
368,RVBD2454c,Butanoate_metabolism
369,RVBD2504c,Butanoate_metabolism
370,RVBD2503c,Butanoate_metabolism
371,RVBD1820,Butanoate_metabolism
372,RVBD3003c,Butanoate_metabolism
373,RVBD3470c,Butanoate_metabolism
374,RVBD3509c,Butanoate_metabolism
375,RVBD3002c,Butanoate_metabolism
376,RVBD1820,C5-Branched_dibasic_acid_metabolism
377,RVBD3003c,C5-Branched_dibasic_acid_metabolism
378,RVBD3470c,C5-Branched_dibasic_acid_metabolism
379,RVBD3509c,C5-Branched_dibasic_acid_metabolism
380,RVBD3002c,C5-Branched_dibasic_acid_metabolism
381,RVBD0951,C5-Branched_dibasic_acid_metabolism
382,RVBD0952,C5-Branched_dibasic_acid_metabolism
383,RVBD2988c,C5-Branched_dibasic_acid_metabolism
384,RVBD2987c,C5-Branched_dibasic_acid_metabolism
385,RVBD2995c,C5-Branched_dibasic_acid_metabolism
386,RVBD3310,Inositol_phosphate_metabolism
387,RVBD2349c,Inositol_phosphate_metabolism
388,RVBD2350c,Inositol_phosphate_metabolism
389,RVBD2351c,Inositol_phosphate_metabolism
390,RVBD2701c,Inositol_phosphate_metabolism
391,RVBD1604,Inositol_phosphate_metabolism
392,RVBD0046c,Inositol_phosphate_metabolism
393,RVBD0753c,Inositol_phosphate_metabolism
394,RVBD1438,Inositol_phosphate_metabolism
395,RVBD3145,Oxidative_phosphorylation
396,RVBD3146,Oxidative_phosphorylation
397,RVBD3147,Oxidative_phosphorylation
398,RVBD3148,Oxidative_phosphorylation
399,RVBD3149,Oxidative_phosphorylation
400,RVBD3150,Oxidative_phosphorylation
401,RVBD3151,Oxidative_phosphorylation
402,RVBD3152,Oxidative_phosphorylation
403,RVBD3153,Oxidative_phosphorylation
404,RVBD3154,Oxidative_phosphorylation
405,RVBD3155,Oxidative_phosphorylation
406,RVBD3156,Oxidative_phosphorylation
407,RVBD3157,Oxidative_phosphorylation
408,RVBD3158,Oxidative_phosphorylation
409,RVBD1812c,Oxidative_phosphorylation
410,RVBD0392c,Oxidative_phosphorylation
411,RVBD1854c,Oxidative_phosphorylation
412,RVBD3318,Oxidative_phosphorylation
413,RVBD0248c,Oxidative_phosphorylation
414,RVBD3319,Oxidative_phosphorylation
415,RVBD0247c,Oxidative_phosphorylation
416,RVBD3316,Oxidative_phosphorylation
417,RVBD3317,Oxidative_phosphorylation
418,RVBD1552,Oxidative_phosphorylation
419,RVBD1553,Oxidative_phosphorylation
420,RVBD1554,Oxidative_phosphorylation
421,RVBD1555,Oxidative_phosphorylation
422,RVBD2194,Oxidative_phosphorylation
423,RVBD2195,Oxidative_phosphorylation
424,RVBD2196,Oxidative_phosphorylation
425,RVBD1451,Oxidative_phosphorylation
426,RVBD2193,Oxidative_phosphorylation
427,RVBD3043c,Oxidative_phosphorylation
428,RVBD2200c,Oxidative_phosphorylation
429,RVBD1456c,Oxidative_phosphorylation
430,RVBD1623c,Oxidative_phosphorylation
431,RVBD1622c,Oxidative_phosphorylation
432,RVBD1308,Oxidative_phosphorylation
433,RVBD1310,Oxidative_phosphorylation
434,RVBD1309,Oxidative_phosphorylation
435,RVBD1307,Oxidative_phosphorylation
436,RVBD1311,Oxidative_phosphorylation
437,RVBD1304,Oxidative_phosphorylation
438,RVBD1306,Oxidative_phosphorylation
439,RVBD1305,Oxidative_phosphorylation
440,RVBD3628,Oxidative_phosphorylation
441,RVBD2984,Oxidative_phosphorylation
442,RVBD3232c,Oxidative_phosphorylation
443,RVBD0761c,Methane_metabolism
444,RVBD0070c,Methane_metabolism
445,RVBD1093,Methane_metabolism
446,RVBD1023,Methane_metabolism
447,RVBD1240,Methane_metabolism
448,RVBD0363c,Methane_metabolism
449,RVBD1099c,Methane_metabolism
450,RVBD2029c,Methane_metabolism
451,RVBD3010c,Methane_metabolism
452,RVBD0409,Methane_metabolism
453,RVBD0408,Methane_metabolism
454,RVBD3667,Methane_metabolism
455,RVBD0489,Methane_metabolism
456,RVBD0728c,Methane_metabolism
457,RVBD2996c,Methane_metabolism
458,RVBD0884c,Methane_metabolism
459,RVBD3042c,Methane_metabolism
460,RVBD1173,Methane_metabolism
461,RVBD2983,Methane_metabolism
462,RVBD3261,Methane_metabolism
463,RVBD3262,Methane_metabolism
464,RVBD1737c,Nitrogen_metabolism
465,RVBD2329c,Nitrogen_metabolism
466,RVBD0261c,Nitrogen_metabolism
467,RVBD0267,Nitrogen_metabolism
468,RVBD1161,Nitrogen_metabolism
469,RVBD1736c,Nitrogen_metabolism
470,RVBD1162,Nitrogen_metabolism
471,RVBD1164,Nitrogen_metabolism
472,RVBD0252,Nitrogen_metabolism
473,RVBD0253,Nitrogen_metabolism
474,RVBD0021c,Nitrogen_metabolism
475,RVBD2781c,Nitrogen_metabolism
476,RVBD2476c,Nitrogen_metabolism
477,RVBD2220,Nitrogen_metabolism
478,RVBD2222c,Nitrogen_metabolism
479,RVBD2860c,Nitrogen_metabolism
480,RVBD1878,Nitrogen_metabolism
481,RVBD3859c,Nitrogen_metabolism
482,RVBD3858c,Nitrogen_metabolism
483,RVBD3588c,Nitrogen_metabolism
484,RVBD1284,Nitrogen_metabolism
485,RVBD3273,Nitrogen_metabolism
486,RVBD2400c,Sulfur_metabolism
487,RVBD2399c,Sulfur_metabolism
488,RVBD2398c,Sulfur_metabolism
489,RVBD2397c,Sulfur_metabolism
490,RVBD1286,Sulfur_metabolism
491,RVBD1285,Sulfur_metabolism
492,RVBD2131c,Sulfur_metabolism
493,RVBD2392,Sulfur_metabolism
494,RVBD2391,Sulfur_metabolism
495,RVBD0331,Sulfur_metabolism
496,RVBD0815c,Sulfur_metabolism
497,RVBD2291,Sulfur_metabolism
498,RVBD3117,Sulfur_metabolism
499,RVBD3283,Sulfur_metabolism
500,RVBD2335,Sulfur_metabolism
501,RVBD2334,Sulfur_metabolism
502,RVBD3684,Sulfur_metabolism
503,RVBD3341,Sulfur_metabolism
504,RVBD1079,Sulfur_metabolism
505,RVBD0391,Sulfur_metabolism
506,RVBD3238c,Sulfur_metabolism
507,RVBD0904c,Fatty_acid_biosynthesis/transport
508,RVBD3285,Fatty_acid_biosynthesis/transport
509,RVBD2501c,Fatty_acid_biosynthesis/transport
510,RVBD2247,Fatty_acid_biosynthesis/transport
511,RVBD0649,Fatty_acid_biosynthesis/transport
512,RVBD2243,Fatty_acid_biosynthesis/transport
513,RVBD2524c,Fatty_acid_biosynthesis/transport
514,RVBD1350,Fatty_acid_biosynthesis/transport
515,RVBD0242c,Fatty_acid_biosynthesis/transport
516,RVBD3502c,Fatty_acid_biosynthesis/transport
517,RVBD3559c,Fatty_acid_biosynthesis/transport
518,RVBD0769,Fatty_acid_biosynthesis/transport
519,RVBD0824c,Fatty_acid_biosynthesis/transport
520,RVBD1094,Fatty_acid_biosynthesis/transport
521,RVBD2187,Fatty_acid_biosynthesis/transport
522,RVBD1323,Fatty_acid_degradation
523,RVBD1074c,Fatty_acid_degradation
524,RVBD1867,Fatty_acid_degradation
525,RVBD3546,Fatty_acid_degradation
526,RVBD0859,Fatty_acid_degradation
527,RVBD0914c,Fatty_acid_degradation
528,RVBD3523,Fatty_acid_degradation
529,RVBD0243,Fatty_acid_degradation
530,RVBD3556c,Fatty_acid_degradation
531,RVBD2790c,Fatty_acid_degradation
532,RVBD0860,Fatty_acid_degradation
533,RVBD1142c,Fatty_acid_degradation
534,RVBD1935c,Fatty_acid_degradation
535,RVBD2679,Fatty_acid_degradation
536,RVBD2831,Fatty_acid_degradation
537,RVBD3373,Fatty_acid_degradation
538,RVBD3516,Fatty_acid_degradation
539,RVBD3774,Fatty_acid_degradation
540,RVBD1070c,Fatty_acid_degradation
541,RVBD0905,Fatty_acid_degradation
542,RVBD1472,Fatty_acid_degradation
543,RVBD2486,Fatty_acid_degradation
544,RVBD3039c,Fatty_acid_degradation
545,RVBD0222,Fatty_acid_degradation
546,RVBD0456c,Fatty_acid_degradation
547,RVBD0632c,Fatty_acid_degradation
548,RVBD0675,Fatty_acid_degradation
549,RVBD0971c,Fatty_acid_degradation
550,RVBD1071c,Fatty_acid_degradation
551,RVBD3550,Fatty_acid_degradation
552,RVBD0673,Fatty_acid_degradation
553,RVBD1141c,Fatty_acid_degradation
554,RVBD3140,Fatty_acid_degradation
555,RVBD0231,Fatty_acid_degradation
556,RVBD0975c,Fatty_acid_degradation
557,RVBD0131c,Fatty_acid_degradation
558,RVBD0154c,Fatty_acid_degradation
559,RVBD0400c,Fatty_acid_degradation
560,RVBD2187,Fatty_acid_degradation
561,RVBD1345,Fatty_acid_degradation
562,RVBD3252c,Fatty_acid_degradation
563,RVBD1869c,Fatty_acid_degradation
564,RVBD0761c,Fatty_acid_degradation
565,RVBD1862,Fatty_acid_degradation
566,RVBD0162c,Fatty_acid_degradation
567,RVBD1530,Fatty_acid_degradation
568,RVBD0768,Fatty_acid_degradation
569,RVBD2858c,Fatty_acid_degradation
570,RVBD0147,Fatty_acid_degradation
571,RVBD0223c,Fatty_acid_degradation
572,RVBD3293,Fatty_acid_degradation
573,RVBD2504c,Synthesis_and_degradation_of_ketone_bodies
574,RVBD2503c,Synthesis_and_degradation_of_ketone_bodies
575,RVBD1323,Synthesis_and_degradation_of_ketone_bodies
576,RVBD1074c,Synthesis_and_degradation_of_ketone_bodies
577,RVBD1867,Synthesis_and_degradation_of_ketone_bodies
578,RVBD3546,Synthesis_and_degradation_of_ketone_bodies
579,RVBD0859,Synthesis_and_degradation_of_ketone_bodies
580,RVBD0914c,Synthesis_and_degradation_of_ketone_bodies
581,RVBD3523,Synthesis_and_degradation_of_ketone_bodies
582,RVBD0243,Synthesis_and_degradation_of_ketone_bodies
583,RVBD3556c,Synthesis_and_degradation_of_ketone_bodies
584,RVBD0764c,Steroid_biosynthesis
585,RVBD0927c,Secondary_bile_acid_biosynthesis
586,RVBD2205c,Glycerolipid_metabolism
587,RVBD0768,Glycerolipid_metabolism
588,RVBD2858c,Glycerolipid_metabolism
589,RVBD0147,Glycerolipid_metabolism
590,RVBD0223c,Glycerolipid_metabolism
591,RVBD3293,Glycerolipid_metabolism
592,RVBD3696c,Glycerolipid_metabolism
593,RVBD1692,Glycerolipid_metabolism
594,RVBD1551,Glycerolipid_metabolism
595,RVBD2482c,Glycerolipid_metabolism
596,RVBD2182c,Glycerolipid_metabolism
597,RVBD2252,Glycerolipid_metabolism
598,RVBD3130c,Glycerolipid_metabolism
599,RVBD1760,Glycerolipid_metabolism
600,RVBD3088,Glycerolipid_metabolism
601,RVBD2285,Glycerolipid_metabolism
602,RVBD3734c,Glycerolipid_metabolism
603,RVBD0221,Glycerolipid_metabolism
604,RVBD3740c,Glycerolipid_metabolism
605,RVBD3087,Glycerolipid_metabolism
606,RVBD3480c,Glycerolipid_metabolism
607,RVBD1425,Glycerolipid_metabolism
608,RVBD0895,Glycerolipid_metabolism
609,RVBD2484c,Glycerolipid_metabolism
610,RVBD3371,Glycerolipid_metabolism
611,RVBD3234c,Glycerolipid_metabolism
612,RVBD0129c,Glycerolipid_metabolism
613,RVBD3804c,Glycerolipid_metabolism
614,RVBD1886c,Glycerolipid_metabolism
615,RVBD3097c,Glycerolipid_metabolism
616,RVBD2982c,Glycerophospholipid_metabolism
617,RVBD0564c,Glycerophospholipid_metabolism
618,RVBD3302c,Glycerophospholipid_metabolism
619,RVBD2249c,Glycerophospholipid_metabolism
620,RVBD1551,Glycerophospholipid_metabolism
621,RVBD2482c,Glycerophospholipid_metabolism
622,RVBD2182c,Glycerophospholipid_metabolism
623,RVBD2252,Glycerophospholipid_metabolism
624,RVBD2349c,Glycerophospholipid_metabolism
625,RVBD2350c,Glycerophospholipid_metabolism
626,RVBD2351c,Glycerophospholipid_metabolism
627,RVBD3842c,Glycerophospholipid_metabolism
628,RVBD0317c,Glycerophospholipid_metabolism
629,RVBD2289,Glycerophospholipid_metabolism
630,RVBD2881c,Glycerophospholipid_metabolism
631,RVBD0436c,Glycerophospholipid_metabolism
632,RVBD0437c,Glycerophospholipid_metabolism
633,RVBD2746c,Glycerophospholipid_metabolism
634,RVBD2612c,Glycerophospholipid_metabolism
635,RVBD1822,Glycerophospholipid_metabolism
636,RVBD2251,Ether_lipid_metabolism
637,RVBD3107c,Ether_lipid_metabolism
638,RVBD2349c,Ether_lipid_metabolism
639,RVBD2350c,Ether_lipid_metabolism
640,RVBD2351c,Ether_lipid_metabolism
641,RVBD0669c,Sphingolipid_metabolism
642,RVBD3299c,Sphingolipid_metabolism
643,RVBD0663,Sphingolipid_metabolism
644,RVBD0711,Sphingolipid_metabolism
645,RVBD2790c,alpha-Linolenic_acid_metabolism
646,RVBD0824c,Biosynthesis_of_unsaturated_fatty_acids
647,RVBD1094,Biosynthesis_of_unsaturated_fatty_acids
648,RVBD3229c,Biosynthesis_of_unsaturated_fatty_acids
649,RVBD3230c,Biosynthesis_of_unsaturated_fatty_acids
650,RVBD1618,Biosynthesis_of_unsaturated_fatty_acids
651,RVBD2605c,Biosynthesis_of_unsaturated_fatty_acids
652,RVBD3068c,Purine_metabolism
653,RVBD1017c,Purine_metabolism
654,RVBD0808,Purine_metabolism
655,RVBD0772,Purine_metabolism
656,RVBD0956,Purine_metabolism
657,RVBD0389,Purine_metabolism
658,RVBD0803,Purine_metabolism
659,RVBD0787A,Purine_metabolism
660,RVBD0788,Purine_metabolism
661,RVBD0809,Purine_metabolism
662,RVBD3276c,Purine_metabolism
663,RVBD3275c,Purine_metabolism
664,RVBD0780,Purine_metabolism
665,RVBD0777,Purine_metabolism
666,RVBD0957,Purine_metabolism
667,RVBD2584c,Purine_metabolism
668,RVBD3307,Purine_metabolism
669,RVBD3393,Purine_metabolism
670,RVBD3624c,Purine_metabolism
671,RVBD1843c,Purine_metabolism
672,RVBD3410c,Purine_metabolism
673,RVBD3411c,Purine_metabolism
674,RVBD2445c,Purine_metabolism
675,RVBD1341,Purine_metabolism
676,RVBD1021,Purine_metabolism
677,RVBD3396c,Purine_metabolism
678,RVBD1389,Purine_metabolism
679,RVBD1617,Purine_metabolism
680,RVBD3051c,Purine_metabolism
681,RVBD0570,Purine_metabolism
682,RVBD3048c,Purine_metabolism
683,RVBD1981c,Purine_metabolism
684,RVBD0233,Purine_metabolism
685,RVBD2344c,Purine_metabolism
686,RVBD0496,Purine_metabolism
687,RVBD1026,Purine_metabolism
688,RVBD2583c,Purine_metabolism
689,RVBD1318c,Purine_metabolism
690,RVBD1319c,Purine_metabolism
691,RVBD1320c,Purine_metabolism
692,RVBD1264,Purine_metabolism
693,RVBD1625c,Purine_metabolism
694,RVBD3645,Purine_metabolism
695,RVBD0357c,Purine_metabolism
696,RVBD2202c,Purine_metabolism
697,RVBD3313c,Purine_metabolism
698,RVBD0733,Purine_metabolism
699,RVBD0805,Purine_metabolism
700,RVBD2613c,Purine_metabolism
701,RVBD1286,Purine_metabolism
702,RVBD1285,Purine_metabolism
703,RVBD1850,Purine_metabolism
704,RVBD1849,Purine_metabolism
705,RVBD1848,Purine_metabolism
706,RVBD1384,Pyrimidine_metabolism
707,RVBD1383,Pyrimidine_metabolism
708,RVBD1380,Pyrimidine_metabolism
709,RVBD1381,Pyrimidine_metabolism
710,RVBD2139,Pyrimidine_metabolism
711,RVBD0382c,Pyrimidine_metabolism
712,RVBD1385,Pyrimidine_metabolism
713,RVBD2883c,Pyrimidine_metabolism
714,RVBD2445c,Pyrimidine_metabolism
715,RVBD1699,Pyrimidine_metabolism
716,RVBD1712,Pyrimidine_metabolism
717,RVBD0321,Pyrimidine_metabolism
718,RVBD3309c,Pyrimidine_metabolism
719,RVBD1379,Pyrimidine_metabolism
720,RVBD3051c,Pyrimidine_metabolism
721,RVBD0570,Pyrimidine_metabolism
722,RVBD3048c,Pyrimidine_metabolism
723,RVBD1981c,Pyrimidine_metabolism
724,RVBD0233,Pyrimidine_metabolism
725,RVBD2697c,Pyrimidine_metabolism
726,RVBD2764c,Pyrimidine_metabolism
727,RVBD2754c,Pyrimidine_metabolism
728,RVBD3315c,Pyrimidine_metabolism
729,RVBD3314c,Pyrimidine_metabolism
730,RVBD3307,Pyrimidine_metabolism
731,RVBD3247c,Pyrimidine_metabolism
732,RVBD1595,"Alanine,_aspartate_and_glutamate_metabolism"
733,RVBD1538c,"Alanine,_aspartate_and_glutamate_metabolism"
734,RVBD2201,"Alanine,_aspartate_and_glutamate_metabolism"
735,RVBD0337c,"Alanine,_aspartate_and_glutamate_metabolism"
736,RVBD2780,"Alanine,_aspartate_and_glutamate_metabolism"
737,RVBD1658,"Alanine,_aspartate_and_glutamate_metabolism"
738,RVBD1659,"Alanine,_aspartate_and_glutamate_metabolism"
739,RVBD0357c,"Alanine,_aspartate_and_glutamate_metabolism"
740,RVBD0777,"Alanine,_aspartate_and_glutamate_metabolism"
741,RVBD1380,"Alanine,_aspartate_and_glutamate_metabolism"
742,RVBD3432c,"Alanine,_aspartate_and_glutamate_metabolism"
743,RVBD2589,"Alanine,_aspartate_and_glutamate_metabolism"
744,RVBD0234c,"Alanine,_aspartate_and_glutamate_metabolism"
745,RVBD1731,"Alanine,_aspartate_and_glutamate_metabolism"
746,RVBD3859c,"Alanine,_aspartate_and_glutamate_metabolism"
747,RVBD3858c,"Alanine,_aspartate_and_glutamate_metabolism"
748,RVBD2476c,"Alanine,_aspartate_and_glutamate_metabolism"
749,RVBD1187,"Alanine,_aspartate_and_glutamate_metabolism"
750,RVBD2220,"Alanine,_aspartate_and_glutamate_metabolism"
751,RVBD2222c,"Alanine,_aspartate_and_glutamate_metabolism"
752,RVBD2860c,"Alanine,_aspartate_and_glutamate_metabolism"
753,RVBD1878,"Alanine,_aspartate_and_glutamate_metabolism"
754,RVBD1384,"Alanine,_aspartate_and_glutamate_metabolism"
755,RVBD1383,"Alanine,_aspartate_and_glutamate_metabolism"
756,RVBD0788,"Alanine,_aspartate_and_glutamate_metabolism"
757,RVBD3436c,"Alanine,_aspartate_and_glutamate_metabolism"
758,RVBD0808,"Alanine,_aspartate_and_glutamate_metabolism"
759,RVBD3709c,"Glycine,_serine_and_threonine_metabolism"
760,RVBD3708c,"Glycine,_serine_and_threonine_metabolism"
761,RVBD1294,"Glycine,_serine_and_threonine_metabolism"
762,RVBD1296,"Glycine,_serine_and_threonine_metabolism"
763,RVBD1295,"Glycine,_serine_and_threonine_metabolism"
764,RVBD0070c,"Glycine,_serine_and_threonine_metabolism"
765,RVBD1093,"Glycine,_serine_and_threonine_metabolism"
766,RVBD2205c,"Glycine,_serine_and_threonine_metabolism"
767,RVBD0489,"Glycine,_serine_and_threonine_metabolism"
768,RVBD0728c,"Glycine,_serine_and_threonine_metabolism"
769,RVBD2996c,"Glycine,_serine_and_threonine_metabolism"
770,RVBD0884c,"Glycine,_serine_and_threonine_metabolism"
771,RVBD3042c,"Glycine,_serine_and_threonine_metabolism"
772,RVBD3170,"Glycine,_serine_and_threonine_metabolism"
773,RVBD1832,"Glycine,_serine_and_threonine_metabolism"
774,RVBD2211c,"Glycine,_serine_and_threonine_metabolism"
775,RVBD0462,"Glycine,_serine_and_threonine_metabolism"
776,RVBD3303c,"Glycine,_serine_and_threonine_metabolism"
777,RVBD0794c,"Glycine,_serine_and_threonine_metabolism"
778,RVBD1826,"Glycine,_serine_and_threonine_metabolism"
779,RVBD1905c,"Glycine,_serine_and_threonine_metabolism"
780,RVBD0436c,"Glycine,_serine_and_threonine_metabolism"
781,RVBD1077,"Glycine,_serine_and_threonine_metabolism"
782,RVBD0069c,"Glycine,_serine_and_threonine_metabolism"
783,RVBD1559,"Glycine,_serine_and_threonine_metabolism"
784,RVBD1613,"Glycine,_serine_and_threonine_metabolism"
785,RVBD1612,"Glycine,_serine_and_threonine_metabolism"
786,RVBD2335,Cysteine_and_methionine_metabolism
787,RVBD2334,Cysteine_and_methionine_metabolism
788,RVBD3684,Cysteine_and_methionine_metabolism
789,RVBD2294,Cysteine_and_methionine_metabolism
790,RVBD0075,Cysteine_and_methionine_metabolism
791,RVBD1077,Cysteine_and_methionine_metabolism
792,RVBD2458,Cysteine_and_methionine_metabolism
793,RVBD2124c,Cysteine_and_methionine_metabolism
794,RVBD1133c,Cysteine_and_methionine_metabolism
795,RVBD1392,Cysteine_and_methionine_metabolism
796,RVBD2601,Cysteine_and_methionine_metabolism
797,RVBD0091,Cysteine_and_methionine_metabolism
798,RVBD0535,Cysteine_and_methionine_metabolism
799,RVBD3248c,Cysteine_and_methionine_metabolism
800,RVBD3709c,Cysteine_and_methionine_metabolism
801,RVBD3708c,Cysteine_and_methionine_metabolism
802,RVBD1294,Cysteine_and_methionine_metabolism
803,RVBD3341,Cysteine_and_methionine_metabolism
804,RVBD1079,Cysteine_and_methionine_metabolism
805,RVBD3340,Cysteine_and_methionine_metabolism
806,RVBD0391,Cysteine_and_methionine_metabolism
807,RVBD2210c,Cysteine_and_methionine_metabolism
808,RVBD3704c,Cysteine_and_methionine_metabolism
809,RVBD0815c,Cysteine_and_methionine_metabolism
810,RVBD2291,Cysteine_and_methionine_metabolism
811,RVBD3117,Cysteine_and_methionine_metabolism
812,RVBD3283,Cysteine_and_methionine_metabolism
813,RVBD1240,Cysteine_and_methionine_metabolism
814,RVBD0069c,Cysteine_and_methionine_metabolism
815,RVBD0728c,Cysteine_and_methionine_metabolism
816,RVBD2996c,Cysteine_and_methionine_metabolism
817,RVBD0884c,Cysteine_and_methionine_metabolism
818,RVBD0848,Cysteine_and_methionine_metabolism
819,RVBD2210c,"Valine,_leucine_and_isoleucine_degradation"
820,RVBD0462,"Valine,_leucine_and_isoleucine_degradation"
821,RVBD3303c,"Valine,_leucine_and_isoleucine_degradation"
822,RVBD0794c,"Valine,_leucine_and_isoleucine_degradation"
823,RVBD3140,"Valine,_leucine_and_isoleucine_degradation"
824,RVBD0231,"Valine,_leucine_and_isoleucine_degradation"
825,RVBD0975c,"Valine,_leucine_and_isoleucine_degradation"
826,RVBD0131c,"Valine,_leucine_and_isoleucine_degradation"
827,RVBD0154c,"Valine,_leucine_and_isoleucine_degradation"
828,RVBD1142c,"Valine,_leucine_and_isoleucine_degradation"
829,RVBD1935c,"Valine,_leucine_and_isoleucine_degradation"
830,RVBD2679,"Valine,_leucine_and_isoleucine_degradation"
831,RVBD2831,"Valine,_leucine_and_isoleucine_degradation"
832,RVBD3373,"Valine,_leucine_and_isoleucine_degradation"
833,RVBD3516,"Valine,_leucine_and_isoleucine_degradation"
834,RVBD3774,"Valine,_leucine_and_isoleucine_degradation"
835,RVBD1070c,"Valine,_leucine_and_isoleucine_degradation"
836,RVBD0905,"Valine,_leucine_and_isoleucine_degradation"
837,RVBD1472,"Valine,_leucine_and_isoleucine_degradation"
838,RVBD2486,"Valine,_leucine_and_isoleucine_degradation"
839,RVBD3039c,"Valine,_leucine_and_isoleucine_degradation"
840,RVBD0222,"Valine,_leucine_and_isoleucine_degradation"
841,RVBD0456c,"Valine,_leucine_and_isoleucine_degradation"
842,RVBD0632c,"Valine,_leucine_and_isoleucine_degradation"
843,RVBD0675,"Valine,_leucine_and_isoleucine_degradation"
844,RVBD0971c,"Valine,_leucine_and_isoleucine_degradation"
845,RVBD1071c,"Valine,_leucine_and_isoleucine_degradation"
846,RVBD3550,"Valine,_leucine_and_isoleucine_degradation"
847,RVBD0673,"Valine,_leucine_and_isoleucine_degradation"
848,RVBD1141c,"Valine,_leucine_and_isoleucine_degradation"
849,RVBD0860,"Valine,_leucine_and_isoleucine_degradation"
850,RVBD2790c,"Valine,_leucine_and_isoleucine_degradation"
851,RVBD0973c,"Valine,_leucine_and_isoleucine_degradation"
852,RVBD3280,"Valine,_leucine_and_isoleucine_degradation"
853,RVBD3285,"Valine,_leucine_and_isoleucine_degradation"
854,RVBD2501c,"Valine,_leucine_and_isoleucine_degradation"
855,RVBD2247,"Valine,_leucine_and_isoleucine_degradation"
856,RVBD1322A,"Valine,_leucine_and_isoleucine_degradation"
857,RVBD1493,"Valine,_leucine_and_isoleucine_degradation"
858,RVBD1492,"Valine,_leucine_and_isoleucine_degradation"
859,RVBD0751c,"Valine,_leucine_and_isoleucine_degradation"
860,RVBD0753c,"Valine,_leucine_and_isoleucine_degradation"
861,RVBD0768,"Valine,_leucine_and_isoleucine_degradation"
862,RVBD2858c,"Valine,_leucine_and_isoleucine_degradation"
863,RVBD0147,"Valine,_leucine_and_isoleucine_degradation"
864,RVBD0223c,"Valine,_leucine_and_isoleucine_degradation"
865,RVBD3293,"Valine,_leucine_and_isoleucine_degradation"
866,RVBD2589,"Valine,_leucine_and_isoleucine_degradation"
867,RVBD2502c,"Valine,_leucine_and_isoleucine_degradation"
868,RVBD2504c,"Valine,_leucine_and_isoleucine_degradation"
869,RVBD2503c,"Valine,_leucine_and_isoleucine_degradation"
870,RVBD1323,"Valine,_leucine_and_isoleucine_degradation"
871,RVBD1074c,"Valine,_leucine_and_isoleucine_degradation"
872,RVBD1867,"Valine,_leucine_and_isoleucine_degradation"
873,RVBD3546,"Valine,_leucine_and_isoleucine_degradation"
874,RVBD0859,"Valine,_leucine_and_isoleucine_degradation"
875,RVBD0914c,"Valine,_leucine_and_isoleucine_degradation"
876,RVBD3523,"Valine,_leucine_and_isoleucine_degradation"
877,RVBD0243,"Valine,_leucine_and_isoleucine_degradation"
878,RVBD3556c,"Valine,_leucine_and_isoleucine_degradation"
879,RVBD1559,"Valine,_leucine_and_isoleucine_biosynthesis"
880,RVBD2988c,"Valine,_leucine_and_isoleucine_biosynthesis"
881,RVBD2987c,"Valine,_leucine_and_isoleucine_biosynthesis"
882,RVBD2995c,"Valine,_leucine_and_isoleucine_biosynthesis"
883,RVBD1820,"Valine,_leucine_and_isoleucine_biosynthesis"
884,RVBD3003c,"Valine,_leucine_and_isoleucine_biosynthesis"
885,RVBD3470c,"Valine,_leucine_and_isoleucine_biosynthesis"
886,RVBD3509c,"Valine,_leucine_and_isoleucine_biosynthesis"
887,RVBD3002c,"Valine,_leucine_and_isoleucine_biosynthesis"
888,RVBD3001c,"Valine,_leucine_and_isoleucine_biosynthesis"
889,RVBD0189c,"Valine,_leucine_and_isoleucine_biosynthesis"
890,RVBD2210c,"Valine,_leucine_and_isoleucine_biosynthesis"
891,RVBD0337c,"Valine,_leucine_and_isoleucine_biosynthesis"
892,RVBD3710,"Valine,_leucine_and_isoleucine_biosynthesis"
893,RVBD1294,Lysine_biosynthesis
894,RVBD3709c,Lysine_biosynthesis
895,RVBD3708c,Lysine_biosynthesis
896,RVBD2753c,Lysine_biosynthesis
897,RVBD2773c,Lysine_biosynthesis
898,RVBD1201c,Lysine_biosynthesis
899,RVBD1655,Lysine_biosynthesis
900,RVBD0858c,Lysine_biosynthesis
901,RVBD1202,Lysine_biosynthesis
902,RVBD2726c,Lysine_biosynthesis
903,RVBD1293,Lysine_biosynthesis
904,RVBD2158c,Lysine_biosynthesis
905,RVBD2157c,Lysine_biosynthesis
906,RVBD2215,Lysine_degradation
907,RVBD0462,Lysine_degradation
908,RVBD3303c,Lysine_degradation
909,RVBD0794c,Lysine_degradation
910,RVBD0400c,Lysine_degradation
911,RVBD1142c,Lysine_degradation
912,RVBD1935c,Lysine_degradation
913,RVBD2679,Lysine_degradation
914,RVBD2831,Lysine_degradation
915,RVBD3373,Lysine_degradation
916,RVBD3516,Lysine_degradation
917,RVBD3774,Lysine_degradation
918,RVBD1070c,Lysine_degradation
919,RVBD0905,Lysine_degradation
920,RVBD1472,Lysine_degradation
921,RVBD2486,Lysine_degradation
922,RVBD3039c,Lysine_degradation
923,RVBD0222,Lysine_degradation
924,RVBD0456c,Lysine_degradation
925,RVBD0632c,Lysine_degradation
926,RVBD0675,Lysine_degradation
927,RVBD0971c,Lysine_degradation
928,RVBD1071c,Lysine_degradation
929,RVBD3550,Lysine_degradation
930,RVBD0673,Lysine_degradation
931,RVBD1141c,Lysine_degradation
932,RVBD0860,Lysine_degradation
933,RVBD1323,Lysine_degradation
934,RVBD1074c,Lysine_degradation
935,RVBD1867,Lysine_degradation
936,RVBD3546,Lysine_degradation
937,RVBD0859,Lysine_degradation
938,RVBD0914c,Lysine_degradation
939,RVBD3523,Lysine_degradation
940,RVBD0243,Lysine_degradation
941,RVBD3556c,Lysine_degradation
942,RVBD2589,Lysine_degradation
943,RVBD0234c,Lysine_degradation
944,RVBD1731,Lysine_degradation
945,RVBD0926c,Lysine_degradation
946,RVBD1059,Lysine_degradation
947,RVBD0768,Lysine_degradation
948,RVBD2858c,Lysine_degradation
949,RVBD0147,Lysine_degradation
950,RVBD0223c,Lysine_degradation
951,RVBD3293,Lysine_degradation
952,RVBD1656,Arginine_biosynthesis
953,RVBD1658,Arginine_biosynthesis
954,RVBD1659,Arginine_biosynthesis
955,RVBD1850,Arginine_biosynthesis
956,RVBD1849,Arginine_biosynthesis
957,RVBD1848,Arginine_biosynthesis
958,RVBD1001,Arginine_biosynthesis
959,RVBD0788,Arginine_biosynthesis
960,RVBD2220,Arginine_biosynthesis
961,RVBD2222c,Arginine_biosynthesis
962,RVBD2860c,Arginine_biosynthesis
963,RVBD1878,Arginine_biosynthesis
964,RVBD2476c,Arginine_biosynthesis
965,RVBD0337c,Arginine_biosynthesis
966,RVBD2747,Arginine_biosynthesis
967,RVBD1653,Arginine_biosynthesis
968,RVBD0428c,Arginine_biosynthesis
969,RVBD1654,Arginine_biosynthesis
970,RVBD1652,Arginine_biosynthesis
971,RVBD1655,Arginine_biosynthesis
972,RVBD2531c,Arginine_and_proline_metabolism
973,RVBD2601,Arginine_and_proline_metabolism
974,RVBD0768,Arginine_and_proline_metabolism
975,RVBD2858c,Arginine_and_proline_metabolism
976,RVBD0147,Arginine_and_proline_metabolism
977,RVBD0223c,Arginine_and_proline_metabolism
978,RVBD3293,Arginine_and_proline_metabolism
979,RVBD3170,Arginine_and_proline_metabolism
980,RVBD3375,Arginine_and_proline_metabolism
981,RVBD1263,Arginine_and_proline_metabolism
982,RVBD2363,Arginine_and_proline_metabolism
983,RVBD2888c,Arginine_and_proline_metabolism
984,RVBD3175,Arginine_and_proline_metabolism
985,RVBD0500,Arginine_and_proline_metabolism
986,RVBD1188,Arginine_and_proline_metabolism
987,RVBD1187,Arginine_and_proline_metabolism
988,RVBD2439c,Arginine_and_proline_metabolism
989,RVBD2427c,Arginine_and_proline_metabolism
990,RVBD0840c,Arginine_and_proline_metabolism
991,RVBD0926c,Arginine_and_proline_metabolism
992,RVBD1059,Arginine_and_proline_metabolism
993,RVBD1905c,Arginine_and_proline_metabolism
994,RVBD2121c,Histidine_metabolism
995,RVBD2122c,Histidine_metabolism
996,RVBD1606,Histidine_metabolism
997,RVBD1603,Histidine_metabolism
998,RVBD1602,Histidine_metabolism
999,RVBD1605,Histidine_metabolism
1000,RVBD1601,Histidine_metabolism
1001,RVBD1600,Histidine_metabolism
1002,RVBD3772,Histidine_metabolism
1003,RVBD3137,Histidine_metabolism
1004,RVBD1599,Histidine_metabolism
1005,RVBD0768,Histidine_metabolism
1006,RVBD2858c,Histidine_metabolism
1007,RVBD0147,Histidine_metabolism
1008,RVBD0223c,Histidine_metabolism
1009,RVBD3293,Histidine_metabolism
1010,RVBD3170,Histidine_metabolism
1011,RVBD3701c,Histidine_metabolism
1012,RVBD3703c,Histidine_metabolism
1013,RVBD3702c,Histidine_metabolism
1014,RVBD3700c,Histidine_metabolism
1015,RVBD1600,Tyrosine_metabolism
1016,RVBD3772,Tyrosine_metabolism
1017,RVBD1703c,Tyrosine_metabolism
1018,RVBD3170,Tyrosine_metabolism
1019,RVBD0761c,Tyrosine_metabolism
1020,RVBD1862,Tyrosine_metabolism
1021,RVBD0162c,Tyrosine_metabolism
1022,RVBD1530,Tyrosine_metabolism
1023,RVBD0234c,Tyrosine_metabolism
1024,RVBD1731,Tyrosine_metabolism
1025,RVBD3170,Phenylalanine_metabolism
1026,RVBD1142c,Phenylalanine_metabolism
1027,RVBD1935c,Phenylalanine_metabolism
1028,RVBD2679,Phenylalanine_metabolism
1029,RVBD2831,Phenylalanine_metabolism
1030,RVBD3373,Phenylalanine_metabolism
1031,RVBD3516,Phenylalanine_metabolism
1032,RVBD3774,Phenylalanine_metabolism
1033,RVBD1070c,Phenylalanine_metabolism
1034,RVBD0905,Phenylalanine_metabolism
1035,RVBD1472,Phenylalanine_metabolism
1036,RVBD2486,Phenylalanine_metabolism
1037,RVBD3039c,Phenylalanine_metabolism
1038,RVBD0222,Phenylalanine_metabolism
1039,RVBD0456c,Phenylalanine_metabolism
1040,RVBD0632c,Phenylalanine_metabolism
1041,RVBD0675,Phenylalanine_metabolism
1042,RVBD0971c,Phenylalanine_metabolism
1043,RVBD1071c,Phenylalanine_metabolism
1044,RVBD3550,Phenylalanine_metabolism
1045,RVBD0673,Phenylalanine_metabolism
1046,RVBD1141c,Phenylalanine_metabolism
1047,RVBD1715,Phenylalanine_metabolism
1048,RVBD0468,Phenylalanine_metabolism
1049,RVBD1600,Phenylalanine_metabolism
1050,RVBD3772,Phenylalanine_metabolism
1051,RVBD1908c,Phenylalanine_metabolism
1052,RVBD3375,Phenylalanine_metabolism
1053,RVBD1263,Phenylalanine_metabolism
1054,RVBD2363,Phenylalanine_metabolism
1055,RVBD2888c,Phenylalanine_metabolism
1056,RVBD3175,Phenylalanine_metabolism
1057,RVBD1869c,Phenylalanine_metabolism
1058,RVBD3536c,Phenylalanine_metabolism
1059,RVBD3469c,Phenylalanine_metabolism
1060,RVBD3534c,Phenylalanine_metabolism
1061,RVBD3535c,Phenylalanine_metabolism
1062,RVBD2215,Tryptophan_metabolism
1063,RVBD0462,Tryptophan_metabolism
1064,RVBD3303c,Tryptophan_metabolism
1065,RVBD0794c,Tryptophan_metabolism
1066,RVBD0400c,Tryptophan_metabolism
1067,RVBD1142c,Tryptophan_metabolism
1068,RVBD1935c,Tryptophan_metabolism
1069,RVBD2679,Tryptophan_metabolism
1070,RVBD2831,Tryptophan_metabolism
1071,RVBD3373,Tryptophan_metabolism
1072,RVBD3516,Tryptophan_metabolism
1073,RVBD3774,Tryptophan_metabolism
1074,RVBD1070c,Tryptophan_metabolism
1075,RVBD0905,Tryptophan_metabolism
1076,RVBD1472,Tryptophan_metabolism
1077,RVBD2486,Tryptophan_metabolism
1078,RVBD3039c,Tryptophan_metabolism
1079,RVBD0222,Tryptophan_metabolism
1080,RVBD0456c,Tryptophan_metabolism
1081,RVBD0632c,Tryptophan_metabolism
1082,RVBD0675,Tryptophan_metabolism
1083,RVBD0971c,Tryptophan_metabolism
1084,RVBD1071c,Tryptophan_metabolism
1085,RVBD3550,Tryptophan_metabolism
1086,RVBD0673,Tryptophan_metabolism
1087,RVBD1141c,Tryptophan_metabolism
1088,RVBD0860,Tryptophan_metabolism
1089,RVBD1323,Tryptophan_metabolism
1090,RVBD1074c,Tryptophan_metabolism
1091,RVBD1867,Tryptophan_metabolism
1092,RVBD3546,Tryptophan_metabolism
1093,RVBD0859,Tryptophan_metabolism
1094,RVBD0914c,Tryptophan_metabolism
1095,RVBD3523,Tryptophan_metabolism
1096,RVBD0243,Tryptophan_metabolism
1097,RVBD3556c,Tryptophan_metabolism
1098,RVBD3170,Tryptophan_metabolism
1099,RVBD0768,Tryptophan_metabolism
1100,RVBD2858c,Tryptophan_metabolism
1101,RVBD0147,Tryptophan_metabolism
1102,RVBD0223c,Tryptophan_metabolism
1103,RVBD3293,Tryptophan_metabolism
1104,RVBD3375,Tryptophan_metabolism
1105,RVBD1263,Tryptophan_metabolism
1106,RVBD2363,Tryptophan_metabolism
1107,RVBD2888c,Tryptophan_metabolism
1108,RVBD3175,Tryptophan_metabolism
1109,RVBD1908c,Tryptophan_metabolism
1110,RVBD2178c,"Phenylalanine,_tyrosine_and_tryptophan_biosynthesis"
1111,RVBD2538c,"Phenylalanine,_tyrosine_and_tryptophan_biosynthesis"
1112,RVBD2537c,"Phenylalanine,_tyrosine_and_tryptophan_biosynthesis"
1113,RVBD2552c,"Phenylalanine,_tyrosine_and_tryptophan_biosynthesis"
1114,RVBD2539c,"Phenylalanine,_tyrosine_and_tryptophan_biosynthesis"
1115,RVBD3227,"Phenylalanine,_tyrosine_and_tryptophan_biosynthesis"
1116,RVBD2540c,"Phenylalanine,_tyrosine_and_tryptophan_biosynthesis"
1117,RVBD1609,"Phenylalanine,_tyrosine_and_tryptophan_biosynthesis"
1118,RVBD2192c,"Phenylalanine,_tyrosine_and_tryptophan_biosynthesis"
1119,RVBD1603,"Phenylalanine,_tyrosine_and_tryptophan_biosynthesis"
1120,RVBD1611,"Phenylalanine,_tyrosine_and_tryptophan_biosynthesis"
1121,RVBD1613,"Phenylalanine,_tyrosine_and_tryptophan_biosynthesis"
1122,RVBD1612,"Phenylalanine,_tyrosine_and_tryptophan_biosynthesis"
1123,RVBD1885c,"Phenylalanine,_tyrosine_and_tryptophan_biosynthesis"
1124,RVBD0948c,"Phenylalanine,_tyrosine_and_tryptophan_biosynthesis"
1125,RVBD3754,"Phenylalanine,_tyrosine_and_tryptophan_biosynthesis"
1126,RVBD3838c,"Phenylalanine,_tyrosine_and_tryptophan_biosynthesis"
1127,RVBD1600,"Phenylalanine,_tyrosine_and_tryptophan_biosynthesis"
1128,RVBD3772,"Phenylalanine,_tyrosine_and_tryptophan_biosynthesis"
1129,RVBD3601c,beta-Alanine_metabolism
1130,RVBD3432c,beta-Alanine_metabolism
1131,RVBD2589,beta-Alanine_metabolism
1132,RVBD2601,beta-Alanine_metabolism
1133,RVBD0768,beta-Alanine_metabolism
1134,RVBD2858c,beta-Alanine_metabolism
1135,RVBD0147,beta-Alanine_metabolism
1136,RVBD0223c,beta-Alanine_metabolism
1137,RVBD3293,beta-Alanine_metabolism
1138,RVBD3602c,beta-Alanine_metabolism
1139,RVBD1142c,beta-Alanine_metabolism
1140,RVBD1935c,beta-Alanine_metabolism
1141,RVBD2679,beta-Alanine_metabolism
1142,RVBD2831,beta-Alanine_metabolism
1143,RVBD3373,beta-Alanine_metabolism
1144,RVBD3516,beta-Alanine_metabolism
1145,RVBD3774,beta-Alanine_metabolism
1146,RVBD1070c,beta-Alanine_metabolism
1147,RVBD0905,beta-Alanine_metabolism
1148,RVBD1472,beta-Alanine_metabolism
1149,RVBD2486,beta-Alanine_metabolism
1150,RVBD3039c,beta-Alanine_metabolism
1151,RVBD0222,beta-Alanine_metabolism
1152,RVBD0456c,beta-Alanine_metabolism
1153,RVBD0632c,beta-Alanine_metabolism
1154,RVBD0675,beta-Alanine_metabolism
1155,RVBD0971c,beta-Alanine_metabolism
1156,RVBD1071c,beta-Alanine_metabolism
1157,RVBD3550,beta-Alanine_metabolism
1158,RVBD0673,beta-Alanine_metabolism
1159,RVBD1141c,beta-Alanine_metabolism
1160,RVBD0860,beta-Alanine_metabolism
1161,RVBD0753c,beta-Alanine_metabolism
1162,RVBD3432c,Taurine_and_hypotaurine_metabolism
1163,RVBD2394,Taurine_and_hypotaurine_metabolism
1164,RVBD0773c,Taurine_and_hypotaurine_metabolism
1165,RVBD2780,Taurine_and_hypotaurine_metabolism
1166,RVBD2476c,Taurine_and_hypotaurine_metabolism
1167,RVBD0408,Taurine_and_hypotaurine_metabolism
1168,RVBD0409,Taurine_and_hypotaurine_metabolism
1169,RVBD1079,Selenocompound_metabolism
1170,RVBD2294,Selenocompound_metabolism
1171,RVBD0075,Selenocompound_metabolism
1172,RVBD2124c,Selenocompound_metabolism
1173,RVBD1133c,Selenocompound_metabolism
1174,RVBD1464,Selenocompound_metabolism
1175,RVBD3913,Selenocompound_metabolism
1176,RVBD1471,Selenocompound_metabolism
1177,RVBD1286,Selenocompound_metabolism
1178,RVBD1285,Selenocompound_metabolism
1179,RVBD1007c,Selenocompound_metabolism
1180,RVBD0186,Cyanoamino_acid_metabolism
1181,RVBD2394,Cyanoamino_acid_metabolism
1182,RVBD0773c,Cyanoamino_acid_metabolism
1183,RVBD1538c,Cyanoamino_acid_metabolism
1184,RVBD0070c,Cyanoamino_acid_metabolism
1185,RVBD1093,Cyanoamino_acid_metabolism
1186,RVBD0788,D-Glutamine_and_D-glutamate_metabolism
1187,RVBD1338,D-Glutamine_and_D-glutamate_metabolism
1188,RVBD2152c,D-Glutamine_and_D-glutamate_metabolism
1189,RVBD2155c,D-Glutamine_and_D-glutamate_metabolism
1190,RVBD1905c,D-Arginine_and_D-ornithine_metabolism
1191,RVBD0926c,D-Arginine_and_D-ornithine_metabolism
1192,RVBD1059,D-Arginine_and_D-ornithine_metabolism
1193,RVBD3423c,D-Alanine_metabolism
1194,RVBD2981c,D-Alanine_metabolism
1195,RVBD2394,Glutathione_metabolism
1196,RVBD0773c,Glutathione_metabolism
1197,RVBD0266c,Glutathione_metabolism
1198,RVBD0433,Glutathione_metabolism
1199,RVBD3704c,Glutathione_metabolism
1200,RVBD2213,Glutathione_metabolism
1201,RVBD2467,Glutathione_metabolism
1202,RVBD0066c,Glutathione_metabolism
1203,RVBD3339c,Glutathione_metabolism
1204,RVBD1122,Glutathione_metabolism
1205,RVBD1844c,Glutathione_metabolism
1206,RVBD1121,Glutathione_metabolism
1207,RVBD1447c,Glutathione_metabolism
1208,RVBD2601,Glutathione_metabolism
1209,RVBD1002c,Mannose_type_O-glycan_biosynthesis
1210,RVBD1002c,Other_types_of_O-glycan_biosynthesis
1211,RVBD0113,Lipopolysaccharide_biosynthesis
1212,RVBD0114,Lipopolysaccharide_biosynthesis
1213,RVBD0115,Lipopolysaccharide_biosynthesis
1214,RVBD1315,Peptidoglycan_biosynthesis/regulation
1215,RVBD0482,Peptidoglycan_biosynthesis/regulation
1216,RVBD2152c,Peptidoglycan_biosynthesis/regulation
1217,RVBD2155c,Peptidoglycan_biosynthesis/regulation
1218,RVBD2158c,Peptidoglycan_biosynthesis/regulation
1219,RVBD2981c,Peptidoglycan_biosynthesis/regulation
1220,RVBD2157c,Peptidoglycan_biosynthesis/regulation
1221,RVBD2136c,Peptidoglycan_biosynthesis/regulation
1222,RVBD2156c,Peptidoglycan_biosynthesis/regulation
1223,RVBD2153c,Peptidoglycan_biosynthesis/regulation
1224,RVBD2163c,Peptidoglycan_biosynthesis/regulation
1225,RVBD0016c,Peptidoglycan_biosynthesis/regulation
1226,RVBD2911,Peptidoglycan_biosynthesis/regulation
1227,RVBD3330,Peptidoglycan_biosynthesis/regulation
1228,RVBD3627c,Peptidoglycan_biosynthesis/regulation
1229,RVBD3712,Peptidoglycan_biosynthesis/regulation
1230,RVBD3713,Peptidoglycan_biosynthesis/regulation
1231,RVBD2610c,Lipoarabinomannan_(LAM)_biosynthesis
1232,RVBD2188c,Lipoarabinomannan_(LAM)_biosynthesis
1233,RVBD2611c,Lipoarabinomannan_(LAM)_biosynthesis
1234,RVBD1159,Lipoarabinomannan_(LAM)_biosynthesis
1235,RVBD1635c,Lipoarabinomannan_(LAM)_biosynthesis
1236,RVBD2174,Lipoarabinomannan_(LAM)_biosynthesis
1237,RVBD1459c,Lipoarabinomannan_(LAM)_biosynthesis
1238,RVBD2181,Lipoarabinomannan_(LAM)_biosynthesis
1239,RVBD3793,Lipoarabinomannan_(LAM)_biosynthesis
1240,RVBD3805c,Lipoarabinomannan_(LAM)_biosynthesis
1241,RVBD2673,Lipoarabinomannan_(LAM)_biosynthesis
1242,RVBD0236c,Lipoarabinomannan_(LAM)_biosynthesis
1243,RVBD0541c,Lipoarabinomannan_(LAM)_biosynthesis
1244,RVBD1302,Arabinogalactan_biosynthesis_-_Mycobacterium
1245,RVBD3265c,Arabinogalactan_biosynthesis_-_Mycobacterium
1246,RVBD3782,Arabinogalactan_biosynthesis_-_Mycobacterium
1247,RVBD3808c,Arabinogalactan_biosynthesis_-_Mycobacterium
1248,RVBD3792,Arabinogalactan_biosynthesis_-_Mycobacterium
1249,RVBD3805c,Arabinogalactan_biosynthesis_-_Mycobacterium
1250,RVBD2673,Arabinogalactan_biosynthesis_-_Mycobacterium
1251,RVBD3794,Arabinogalactan_biosynthesis_-_Mycobacterium
1252,RVBD3795,Arabinogalactan_biosynthesis_-_Mycobacterium
1253,RVBD0236c,Arabinogalactan_biosynthesis_-_Mycobacterium
1254,RVBD0129c,Arabinogalactan_biosynthesis_-_Mycobacterium
1255,RVBD3804c,Arabinogalactan_biosynthesis_-_Mycobacterium
1256,RVBD1886c,Arabinogalactan_biosynthesis_-_Mycobacterium
1257,RVBD3779,Arabinogalactan_biosynthesis_-_Mycobacterium
1258,RVBD0423c,Thiamine_metabolism
1259,RVBD0422c,Thiamine_metabolism
1260,RVBD3025c,Thiamine_metabolism
1261,RVBD0415,Thiamine_metabolism
1262,RVBD2682c,Thiamine_metabolism
1263,RVBD3379c,Thiamine_metabolism
1264,RVBD0417,Thiamine_metabolism
1265,RVBD0414c,Thiamine_metabolism
1266,RVBD2977c,Thiamine_metabolism
1267,RVBD3228,Thiamine_metabolism
1268,RVBD0733,Thiamine_metabolism
1269,RVBD1940,Riboflavin_metabolism
1270,RVBD1415,Riboflavin_metabolism
1271,RVBD2671,Riboflavin_metabolism
1272,RVBD1409,Riboflavin_metabolism
1273,RVBD1416,Riboflavin_metabolism
1274,RVBD1412,Riboflavin_metabolism
1275,RVBD2786c,Riboflavin_metabolism
1276,RVBD0306,Riboflavin_metabolism
1277,RVBD2607,Vitamin_B6_metabolism
1278,RVBD0884c,Vitamin_B6_metabolism
1279,RVBD1295,Vitamin_B6_metabolism
1280,RVBD2606c,Vitamin_B6_metabolism
1281,RVBD2604c,Vitamin_B6_metabolism
1282,RVBD1595,Nicotinate_and_nicotinamide_metabolism
1283,RVBD1594,Nicotinate_and_nicotinamide_metabolism
1284,RVBD1596,Nicotinate_and_nicotinamide_metabolism
1285,RVBD0573c,Nicotinate_and_nicotinamide_metabolism
1286,RVBD1330c,Nicotinate_and_nicotinamide_metabolism
1287,RVBD3307,Nicotinate_and_nicotinamide_metabolism
1288,RVBD2421c,Nicotinate_and_nicotinamide_metabolism
1289,RVBD3199c,Nicotinate_and_nicotinamide_metabolism
1290,RVBD2438c,Nicotinate_and_nicotinamide_metabolism
1291,RVBD1901,Nicotinate_and_nicotinamide_metabolism
1292,RVBD3393,Nicotinate_and_nicotinamide_metabolism
1293,RVBD2043c,Nicotinate_and_nicotinamide_metabolism
1294,RVBD1695,Nicotinate_and_nicotinamide_metabolism
1295,RVBD2713,Nicotinate_and_nicotinamide_metabolism
1296,RVBD0155,Nicotinate_and_nicotinamide_metabolism
1297,RVBD0156,Nicotinate_and_nicotinamide_metabolism
1298,RVBD0157,Nicotinate_and_nicotinamide_metabolism
1299,RVBD0234c,Nicotinate_and_nicotinamide_metabolism
1300,RVBD1731,Nicotinate_and_nicotinamide_metabolism
1301,RVBD1820,Pantothenate_and_CoA_biosynthesis
1302,RVBD3003c,Pantothenate_and_CoA_biosynthesis
1303,RVBD3470c,Pantothenate_and_CoA_biosynthesis
1304,RVBD3509c,Pantothenate_and_CoA_biosynthesis
1305,RVBD3002c,Pantothenate_and_CoA_biosynthesis
1306,RVBD3001c,Pantothenate_and_CoA_biosynthesis
1307,RVBD0189c,Pantothenate_and_CoA_biosynthesis
1308,RVBD2225,Pantothenate_and_CoA_biosynthesis
1309,RVBD2573,Pantothenate_and_CoA_biosynthesis
1310,RVBD3602c,Pantothenate_and_CoA_biosynthesis
1311,RVBD1092c,Pantothenate_and_CoA_biosynthesis
1312,RVBD3600c,Pantothenate_and_CoA_biosynthesis
1313,RVBD1391,Pantothenate_and_CoA_biosynthesis
1314,RVBD2965c,Pantothenate_and_CoA_biosynthesis
1315,RVBD1631,Pantothenate_and_CoA_biosynthesis
1316,RVBD2523c,Pantothenate_and_CoA_biosynthesis
1317,RVBD2210c,Pantothenate_and_CoA_biosynthesis
1318,RVBD3601c,Pantothenate_and_CoA_biosynthesis
1319,RVBD1350,Biotin_metabolism
1320,RVBD0242c,Biotin_metabolism
1321,RVBD3502c,Biotin_metabolism
1322,RVBD3559c,Biotin_metabolism
1323,RVBD0769,Biotin_metabolism
1324,RVBD0032,Biotin_metabolism
1325,RVBD1569,Biotin_metabolism
1326,RVBD1568,Biotin_metabolism
1327,RVBD1570,Biotin_metabolism
1328,RVBD1589,Biotin_metabolism
1329,RVBD3279c,Biotin_metabolism
1330,RVBD1442,Biotin_metabolism
1331,RVBD2218,Lipoic_acid_metabolism
1332,RVBD2217,Lipoic_acid_metabolism
1333,RVBD3609c,Folate_biosynthesis
1334,RVBD3607c,Folate_biosynthesis
1335,RVBD3606c,Folate_biosynthesis
1336,RVBD1207,Folate_biosynthesis
1337,RVBD3608c,Folate_biosynthesis
1338,RVBD2763c,Folate_biosynthesis
1339,RVBD2447c,Folate_biosynthesis
1340,RVBD1940,Folate_biosynthesis
1341,RVBD1415,Folate_biosynthesis
1342,RVBD0013,Folate_biosynthesis
1343,RVBD1005c,Folate_biosynthesis
1344,RVBD0812,Folate_biosynthesis
1345,RVBD3110,Folate_biosynthesis
1346,RVBD1159A,Folate_biosynthesis
1347,RVBD3109,Folate_biosynthesis
1348,RVBD0869c,Folate_biosynthesis
1349,RVBD3111,Folate_biosynthesis
1350,RVBD0864,Folate_biosynthesis
1351,RVBD3324c,Folate_biosynthesis
1352,RVBD3119,Folate_biosynthesis
1353,RVBD0866,Folate_biosynthesis
1354,RVBD3323c,Folate_biosynthesis
1355,RVBD0438c,Folate_biosynthesis
1356,RVBD0994,Folate_biosynthesis
1357,RVBD0345,Folate_biosynthesis
1358,RVBD0371c,Folate_biosynthesis
1359,RVBD2453c,Folate_biosynthesis
1360,RVBD2763c,One_carbon_pool_by_folate
1361,RVBD3356c,One_carbon_pool_by_folate
1362,RVBD0070c,One_carbon_pool_by_folate
1363,RVBD1093,One_carbon_pool_by_folate
1364,RVBD0956,One_carbon_pool_by_folate
1365,RVBD0389,One_carbon_pool_by_folate
1366,RVBD0957,One_carbon_pool_by_folate
1367,RVBD1406,One_carbon_pool_by_folate
1368,RVBD2211c,One_carbon_pool_by_folate
1369,RVBD2124c,One_carbon_pool_by_folate
1370,RVBD2764c,One_carbon_pool_by_folate
1371,RVBD2754c,One_carbon_pool_by_folate
1372,RVBD2964,One_carbon_pool_by_folate
1373,RVBD2992c,Porphyrin_and_chlorophyll_metabolism
1374,RVBD0509,Porphyrin_and_chlorophyll_metabolism
1375,RVBD0524,Porphyrin_and_chlorophyll_metabolism
1376,RVBD0512,Porphyrin_and_chlorophyll_metabolism
1377,RVBD0510,Porphyrin_and_chlorophyll_metabolism
1378,RVBD0260c,Porphyrin_and_chlorophyll_metabolism
1379,RVBD2678c,Porphyrin_and_chlorophyll_metabolism
1380,RVBD2677c,Porphyrin_and_chlorophyll_metabolism
1381,RVBD1485,Porphyrin_and_chlorophyll_metabolism
1382,RVBD0511,Porphyrin_and_chlorophyll_metabolism
1383,RVBD2847c,Porphyrin_and_chlorophyll_metabolism
1384,RVBD1451,Porphyrin_and_chlorophyll_metabolism
1385,RVBD1456c,Porphyrin_and_chlorophyll_metabolism
1386,RVBD2066,Porphyrin_and_chlorophyll_metabolism
1387,RVBD2064,Porphyrin_and_chlorophyll_metabolism
1388,RVBD2071c,Porphyrin_and_chlorophyll_metabolism
1389,RVBD2070c,Porphyrin_and_chlorophyll_metabolism
1390,RVBD2072c,Porphyrin_and_chlorophyll_metabolism
1391,RVBD2065,Porphyrin_and_chlorophyll_metabolism
1392,RVBD2848c,Porphyrin_and_chlorophyll_metabolism
1393,RVBD2062c,Porphyrin_and_chlorophyll_metabolism
1394,RVBD1314c,Porphyrin_and_chlorophyll_metabolism
1395,RVBD2849c,Porphyrin_and_chlorophyll_metabolism
1396,RVBD0255c,Porphyrin_and_chlorophyll_metabolism
1397,RVBD2236c,Porphyrin_and_chlorophyll_metabolism
1398,RVBD0254c,Porphyrin_and_chlorophyll_metabolism
1399,RVBD2208,Porphyrin_and_chlorophyll_metabolism
1400,RVBD2207,Porphyrin_and_chlorophyll_metabolism
1401,RVBD2228c,Porphyrin_and_chlorophyll_metabolism
1402,RVBD2850c,Porphyrin_and_chlorophyll_metabolism
1403,RVBD0958,Porphyrin_and_chlorophyll_metabolism
1404,RVBD1876,Porphyrin_and_chlorophyll_metabolism
1405,RVBD3841,Porphyrin_and_chlorophyll_metabolism
1406,RVBD0846c,Porphyrin_and_chlorophyll_metabolism
1407,RVBD2949c,Ubiquinone_and_other_terpenoid-quinone_biosynthesis
1408,RVBD0558,Ubiquinone_and_other_terpenoid-quinone_biosynthesis
1409,RVBD3215,Ubiquinone_and_other_terpenoid-quinone_biosynthesis
1410,RVBD0555,Ubiquinone_and_other_terpenoid-quinone_biosynthesis
1411,RVBD0553,Ubiquinone_and_other_terpenoid-quinone_biosynthesis
1412,RVBD0542c,Ubiquinone_and_other_terpenoid-quinone_biosynthesis
1413,RVBD0548c,Ubiquinone_and_other_terpenoid-quinone_biosynthesis
1414,RVBD0534c,Ubiquinone_and_other_terpenoid-quinone_biosynthesis
1415,RVBD2682c,Terpenoid_backbone_biosynthesis
1416,RVBD3379c,Terpenoid_backbone_biosynthesis
1417,RVBD2870c,Terpenoid_backbone_biosynthesis
1418,RVBD3582c,Terpenoid_backbone_biosynthesis
1419,RVBD1011,Terpenoid_backbone_biosynthesis
1420,RVBD3581c,Terpenoid_backbone_biosynthesis
1421,RVBD2868c,Terpenoid_backbone_biosynthesis
1422,RVBD1110,Terpenoid_backbone_biosynthesis
1423,RVBD3382c,Terpenoid_backbone_biosynthesis
1424,RVBD1323,Terpenoid_backbone_biosynthesis
1425,RVBD1074c,Terpenoid_backbone_biosynthesis
1426,RVBD1867,Terpenoid_backbone_biosynthesis
1427,RVBD3546,Terpenoid_backbone_biosynthesis
1428,RVBD0859,Terpenoid_backbone_biosynthesis
1429,RVBD0914c,Terpenoid_backbone_biosynthesis
1430,RVBD3523,Terpenoid_backbone_biosynthesis
1431,RVBD0243,Terpenoid_backbone_biosynthesis
1432,RVBD3556c,Terpenoid_backbone_biosynthesis
1433,RVBD1745c,Terpenoid_backbone_biosynthesis
1434,RVBD3383c,Terpenoid_backbone_biosynthesis
1435,RVBD2173,Terpenoid_backbone_biosynthesis
1436,RVBD3398c,Terpenoid_backbone_biosynthesis
1437,RVBD1086,Terpenoid_backbone_biosynthesis
1438,RVBD2361c,Terpenoid_backbone_biosynthesis
1439,RVBD0562,Terpenoid_backbone_biosynthesis
1440,RVBD0989c,Terpenoid_backbone_biosynthesis
1441,RVBD3397c,Carotenoid_biosynthesis
1442,RVBD0768,Limonene_and_pinene_degradation
1443,RVBD2858c,Limonene_and_pinene_degradation
1444,RVBD0147,Limonene_and_pinene_degradation
1445,RVBD0223c,Limonene_and_pinene_degradation
1446,RVBD3293,Limonene_and_pinene_degradation
1447,RVBD3618,Limonene_and_pinene_degradation
1448,RVBD2740,Limonene_and_pinene_degradation
1449,RVBD1142c,Limonene_and_pinene_degradation
1450,RVBD1935c,Limonene_and_pinene_degradation
1451,RVBD2679,Limonene_and_pinene_degradation
1452,RVBD2831,Limonene_and_pinene_degradation
1453,RVBD3373,Limonene_and_pinene_degradation
1454,RVBD3516,Limonene_and_pinene_degradation
1455,RVBD3774,Limonene_and_pinene_degradation
1456,RVBD1070c,Limonene_and_pinene_degradation
1457,RVBD0905,Limonene_and_pinene_degradation
1458,RVBD1472,Limonene_and_pinene_degradation
1459,RVBD2486,Limonene_and_pinene_degradation
1460,RVBD3039c,Limonene_and_pinene_degradation
1461,RVBD0222,Limonene_and_pinene_degradation
1462,RVBD0456c,Limonene_and_pinene_degradation
1463,RVBD0632c,Limonene_and_pinene_degradation
1464,RVBD0675,Limonene_and_pinene_degradation
1465,RVBD0971c,Limonene_and_pinene_degradation
1466,RVBD1071c,Limonene_and_pinene_degradation
1467,RVBD3550,Limonene_and_pinene_degradation
1468,RVBD0673,Limonene_and_pinene_degradation
1469,RVBD1141c,Limonene_and_pinene_degradation
1470,RVBD0860,Limonene_and_pinene_degradation
1471,RVBD2790c,Geraniol_degradation
1472,RVBD1142c,Geraniol_degradation
1473,RVBD1935c,Geraniol_degradation
1474,RVBD2679,Geraniol_degradation
1475,RVBD2831,Geraniol_degradation
1476,RVBD3373,Geraniol_degradation
1477,RVBD3516,Geraniol_degradation
1478,RVBD3774,Geraniol_degradation
1479,RVBD1070c,Geraniol_degradation
1480,RVBD0905,Geraniol_degradation
1481,RVBD1472,Geraniol_degradation
1482,RVBD2486,Geraniol_degradation
1483,RVBD3039c,Geraniol_degradation
1484,RVBD0222,Geraniol_degradation
1485,RVBD0456c,Geraniol_degradation
1486,RVBD0632c,Geraniol_degradation
1487,RVBD0675,Geraniol_degradation
1488,RVBD0971c,Geraniol_degradation
1489,RVBD1071c,Geraniol_degradation
1490,RVBD3550,Geraniol_degradation
1491,RVBD0673,Geraniol_degradation
1492,RVBD1141c,Geraniol_degradation
1493,RVBD0860,Geraniol_degradation
1494,RVBD0334,Polyketide_sugar_unit_biosynthesis
1495,RVBD3464,Polyketide_sugar_unit_biosynthesis
1496,RVBD3468c,Polyketide_sugar_unit_biosynthesis
1497,RVBD3784,Polyketide_sugar_unit_biosynthesis
1498,RVBD3465,Polyketide_sugar_unit_biosynthesis
1499,RVBD3266c,Polyketide_sugar_unit_biosynthesis
1500,RVBD0536,Polyketide_sugar_unit_biosynthesis
1501,RVBD3215,Biosynthesis_of_siderophore_group_nonribosomal_peptides
1502,RVBD2386c,Biosynthesis_of_siderophore_group_nonribosomal_peptides
1503,RVBD2384,Biosynthesis_of_siderophore_group_nonribosomal_peptides
1504,RVBD2383c,Biosynthesis_of_siderophore_group_nonribosomal_peptides
1505,RVBD2380c,Biosynthesis_of_siderophore_group_nonribosomal_peptides
1506,RVBD2382c,Biosynthesis_of_siderophore_group_nonribosomal_peptides
1507,RVBD2381c,Biosynthesis_of_siderophore_group_nonribosomal_peptides
1508,RVBD2379c,Biosynthesis_of_siderophore_group_nonribosomal_peptides
1509,RVBD2378c,Biosynthesis_of_siderophore_group_nonribosomal_peptides
1510,RVBD1905c,Penicillin_and_cephalosporin_biosynthesis
1511,RVBD2068c,Penicillin_and_cephalosporin_biosynthesis
1512,RVBD2439c,Carbapenem_biosynthesis
1513,RVBD2427c,Carbapenem_biosynthesis
1514,RVBD2377c,Monobactam_biosynthesis
1515,RVBD1286,Monobactam_biosynthesis
1516,RVBD1285,Monobactam_biosynthesis
1517,RVBD3709c,Monobactam_biosynthesis
1518,RVBD3708c,Monobactam_biosynthesis
1519,RVBD2753c,Monobactam_biosynthesis
1520,RVBD2773c,Monobactam_biosynthesis
1521,RVBD0650,Streptomycin_biosynthesis
1522,RVBD3068c,Streptomycin_biosynthesis
1523,RVBD0046c,Streptomycin_biosynthesis
1524,RVBD2701c,Streptomycin_biosynthesis
1525,RVBD1604,Streptomycin_biosynthesis
1526,RVBD0334,Streptomycin_biosynthesis
1527,RVBD3464,Streptomycin_biosynthesis
1528,RVBD3468c,Streptomycin_biosynthesis
1529,RVBD3784,Streptomycin_biosynthesis
1530,RVBD3465,Streptomycin_biosynthesis
1531,RVBD3266c,Streptomycin_biosynthesis
1532,RVBD0334,Acarbose_and_validamycin_biosynthesis
1533,RVBD3464,Acarbose_and_validamycin_biosynthesis
1534,RVBD3468c,Acarbose_and_validamycin_biosynthesis
1535,RVBD3784,Acarbose_and_validamycin_biosynthesis
1536,RVBD3754,Novobiocin_biosynthesis
1537,RVBD1600,Novobiocin_biosynthesis
1538,RVBD3772,Novobiocin_biosynthesis
1539,RVBD2790c,Benzoate_degradation
1540,RVBD3536c,Benzoate_degradation
1541,RVBD3469c,Benzoate_degradation
1542,RVBD3534c,Benzoate_degradation
1543,RVBD3535c,Benzoate_degradation
1544,RVBD0771,Benzoate_degradation
1545,RVBD0860,Benzoate_degradation
1546,RVBD0400c,Benzoate_degradation
1547,RVBD1142c,Benzoate_degradation
1548,RVBD1935c,Benzoate_degradation
1549,RVBD2679,Benzoate_degradation
1550,RVBD2831,Benzoate_degradation
1551,RVBD3373,Benzoate_degradation
1552,RVBD3516,Benzoate_degradation
1553,RVBD3774,Benzoate_degradation
1554,RVBD1070c,Benzoate_degradation
1555,RVBD0905,Benzoate_degradation
1556,RVBD1472,Benzoate_degradation
1557,RVBD2486,Benzoate_degradation
1558,RVBD3039c,Benzoate_degradation
1559,RVBD0222,Benzoate_degradation
1560,RVBD0456c,Benzoate_degradation
1561,RVBD0632c,Benzoate_degradation
1562,RVBD0675,Benzoate_degradation
1563,RVBD0971c,Benzoate_degradation
1564,RVBD1071c,Benzoate_degradation
1565,RVBD3550,Benzoate_degradation
1566,RVBD0673,Benzoate_degradation
1567,RVBD1141c,Benzoate_degradation
1568,RVBD1715,Benzoate_degradation
1569,RVBD0468,Benzoate_degradation
1570,RVBD1323,Benzoate_degradation
1571,RVBD1074c,Benzoate_degradation
1572,RVBD1867,Benzoate_degradation
1573,RVBD3546,Benzoate_degradation
1574,RVBD0859,Benzoate_degradation
1575,RVBD0914c,Benzoate_degradation
1576,RVBD3523,Benzoate_degradation
1577,RVBD0243,Benzoate_degradation
1578,RVBD3556c,Benzoate_degradation
1579,RVBD3854c,Aminobenzoate_degradation
1580,RVBD3375,Aminobenzoate_degradation
1581,RVBD1263,Aminobenzoate_degradation
1582,RVBD2363,Aminobenzoate_degradation
1583,RVBD2888c,Aminobenzoate_degradation
1584,RVBD3175,Aminobenzoate_degradation
1585,RVBD2922A,Aminobenzoate_degradation
1586,RVBD3078,Aminobenzoate_degradation
1587,RVBD1142c,Aminobenzoate_degradation
1588,RVBD1935c,Aminobenzoate_degradation
1589,RVBD2679,Aminobenzoate_degradation
1590,RVBD2831,Aminobenzoate_degradation
1591,RVBD3373,Aminobenzoate_degradation
1592,RVBD3516,Aminobenzoate_degradation
1593,RVBD3774,Aminobenzoate_degradation
1594,RVBD1070c,Aminobenzoate_degradation
1595,RVBD0905,Aminobenzoate_degradation
1596,RVBD1472,Aminobenzoate_degradation
1597,RVBD2486,Aminobenzoate_degradation
1598,RVBD3039c,Aminobenzoate_degradation
1599,RVBD0222,Aminobenzoate_degradation
1600,RVBD0456c,Aminobenzoate_degradation
1601,RVBD0632c,Aminobenzoate_degradation
1602,RVBD0675,Aminobenzoate_degradation
1603,RVBD0971c,Aminobenzoate_degradation
1604,RVBD1071c,Aminobenzoate_degradation
1605,RVBD3550,Aminobenzoate_degradation
1606,RVBD0673,Aminobenzoate_degradation
1607,RVBD1141c,Aminobenzoate_degradation
1608,RVBD2765,Fluorobenzoate_degradation
1609,RVBD2054,Fluorobenzoate_degradation
1610,RVBD2296,Chloroalkane_and_chloroalkene_degradation
1611,RVBD2579,Chloroalkane_and_chloroalkene_degradation
1612,RVBD1833c,Chloroalkane_and_chloroalkene_degradation
1613,RVBD1862,Chloroalkane_and_chloroalkene_degradation
1614,RVBD0162c,Chloroalkane_and_chloroalkene_degradation
1615,RVBD1530,Chloroalkane_and_chloroalkene_degradation
1616,RVBD0761c,Chloroalkane_and_chloroalkene_degradation
1617,RVBD0768,Chloroalkane_and_chloroalkene_degradation
1618,RVBD2858c,Chloroalkane_and_chloroalkene_degradation
1619,RVBD0147,Chloroalkane_and_chloroalkene_degradation
1620,RVBD0223c,Chloroalkane_and_chloroalkene_degradation
1621,RVBD3293,Chloroalkane_and_chloroalkene_degradation
1622,RVBD2296,Chlorocyclohexane_and_chlorobenzene_degradation
1623,RVBD2579,Chlorocyclohexane_and_chlorobenzene_degradation
1624,RVBD1833c,Chlorocyclohexane_and_chlorobenzene_degradation
1625,RVBD2765,Chlorocyclohexane_and_chlorobenzene_degradation
1626,RVBD2054,Chlorocyclohexane_and_chlorobenzene_degradation
1627,RVBD2765,Toluene_degradation
1628,RVBD2054,Toluene_degradation
1629,RVBD3536c,Xylene_degradation
1630,RVBD3469c,Xylene_degradation
1631,RVBD3534c,Xylene_degradation
1632,RVBD3535c,Xylene_degradation
1633,RVBD3375,Styrene_degradation
1634,RVBD1263,Styrene_degradation
1635,RVBD2363,Styrene_degradation
1636,RVBD2888c,Styrene_degradation
1637,RVBD3175,Styrene_degradation
1638,RVBD3252c,Caprolactam_degradation
1639,RVBD1142c,Caprolactam_degradation
1640,RVBD1935c,Caprolactam_degradation
1641,RVBD2679,Caprolactam_degradation
1642,RVBD2831,Caprolactam_degradation
1643,RVBD3373,Caprolactam_degradation
1644,RVBD3516,Caprolactam_degradation
1645,RVBD3774,Caprolactam_degradation
1646,RVBD1070c,Caprolactam_degradation
1647,RVBD0905,Caprolactam_degradation
1648,RVBD1472,Caprolactam_degradation
1649,RVBD2486,Caprolactam_degradation
1650,RVBD3039c,Caprolactam_degradation
1651,RVBD0222,Caprolactam_degradation
1652,RVBD0456c,Caprolactam_degradation
1653,RVBD0632c,Caprolactam_degradation
1654,RVBD0675,Caprolactam_degradation
1655,RVBD0971c,Caprolactam_degradation
1656,RVBD1071c,Caprolactam_degradation
1657,RVBD3550,Caprolactam_degradation
1658,RVBD0673,Caprolactam_degradation
1659,RVBD1141c,Caprolactam_degradation
1660,RVBD0860,Caprolactam_degradation
1661,RVBD3536c,Dioxin_degradation
1662,RVBD3469c,Dioxin_degradation
1663,RVBD3534c,Dioxin_degradation
1664,RVBD3535c,Dioxin_degradation
1665,RVBD1862,Naphthalene_degradation
1666,RVBD0162c,Naphthalene_degradation
1667,RVBD1530,Naphthalene_degradation
1668,RVBD0761c,Naphthalene_degradation
1669,RVBD3409c,Steroid_degradation
1670,RVBD1106c,Steroid_degradation
1671,RVBD3545c,Steroid_degradation
1672,RVBD3518c,Steroid_degradation
1673,RVBD3537,Steroid_degradation
1674,RVBD3526,Steroid_degradation
1675,RVBD3571,Steroid_degradation
1676,RVBD3570c,Steroid_degradation
1677,RVBD3567c,Steroid_degradation
1678,RVBD3568c,Steroid_degradation
1679,RVBD3569c,Steroid_degradation
1680,RVBD3561,Steroid_degradation
1681,RVBD0760c,Steroid_degradation
1682,RVBD3624c,Drug_metabolism_-_other_enzymes
1683,RVBD1843c,Drug_metabolism_-_other_enzymes
1684,RVBD3410c,Drug_metabolism_-_other_enzymes
1685,RVBD3411c,Drug_metabolism_-_other_enzymes
1686,RVBD3396c,Drug_metabolism_-_other_enzymes
1687,RVBD3315c,Drug_metabolism_-_other_enzymes
1688,RVBD3314c,Drug_metabolism_-_other_enzymes
1689,RVBD2445c,Drug_metabolism_-_other_enzymes
1690,RVBD2697c,Drug_metabolism_-_other_enzymes
1691,RVBD1908c,Drug_metabolism_-_other_enzymes
1692,RVBD3566c,Drug_metabolism_-_other_enzymes
1693,RVBD3457c,RNA_polymerase
1694,RVBD0667,RNA_polymerase
1695,RVBD0668,RNA_polymerase
1696,RVBD1390,RNA_polymerase
1697,RVBD1630,Ribosome
1698,RVBD2890c,Ribosome
1699,RVBD0707,Ribosome
1700,RVBD3458c,Ribosome
1701,RVBD0721,Ribosome
1702,RVBD0053,Ribosome
1703,RVBD0683,Ribosome
1704,RVBD0718,Ribosome
1705,RVBD3442c,Ribosome
1706,RVBD0700,Ribosome
1707,RVBD3459c,Ribosome
1708,RVBD0682,Ribosome
1709,RVBD3460c,Ribosome
1710,RVBD0717,Ribosome
1711,RVBD2056c,Ribosome
1712,RVBD2785c,Ribosome
1713,RVBD2909c,Ribosome
1714,RVBD0710,Ribosome
1715,RVBD2055c,Ribosome
1716,RVBD0055,Ribosome
1717,RVBD0705,Ribosome
1718,RVBD2412,Ribosome
1719,RVBD0641,Ribosome
1720,RVBD0704,Ribosome
1721,RVBD0701,Ribosome
1722,RVBD0702,Ribosome
1723,RVBD0716,Ribosome
1724,RVBD0719,Ribosome
1725,RVBD0652,Ribosome
1726,RVBD0056,Ribosome
1727,RVBD0651,Ribosome
1728,RVBD0640,Ribosome
1729,RVBD3443c,Ribosome
1730,RVBD0714,Ribosome
1731,RVBD0723,Ribosome
1732,RVBD0708,Ribosome
1733,RVBD3456c,Ribosome
1734,RVBD0720,Ribosome
1735,RVBD2904c,Ribosome
1736,RVBD1643,Ribosome
1737,RVBD2442c,Ribosome
1738,RVBD0706,Ribosome
1739,RVBD0703,Ribosome
1740,RVBD0715,Ribosome
1741,RVBD1015c,Ribosome
1742,RVBD2441c,Ribosome
1743,RVBD2058c,Ribosome
1744,RVBD0105c,Ribosome
1745,RVBD2975a,Ribosome
1746,RVBD0709,Ribosome
1747,RVBD0722,Ribosome
1748,RVBD1298,Ribosome
1749,RVBD0979A,Ribosome
1750,RVBD2057c,Ribosome
1751,RVBD0634B,Ribosome
1752,RVBD3924c,Ribosome
1753,RVBD1642,Ribosome
1754,RVBD3461c,Ribosome
1755,RVBDnr01,Ribosome
1756,RVBDnr02,Ribosome
1757,RVBDnr03,Ribosome
1758,RVBDnt37,Aminoacyl-tRNA_biosynthesis
1759,RVBDnt02,Aminoacyl-tRNA_biosynthesis
1760,RVBDnt15,Aminoacyl-tRNA_biosynthesis
1761,RVBDnt43,Aminoacyl-tRNA_biosynthesis
1762,RVBDnt14,Aminoacyl-tRNA_biosynthesis
1763,RVBDnt28,Aminoacyl-tRNA_biosynthesis
1764,RVBDnt18,Aminoacyl-tRNA_biosynthesis
1765,RVBDnt25,Aminoacyl-tRNA_biosynthesis
1766,RVBDnt12,Aminoacyl-tRNA_biosynthesis
1767,RVBDnt33,Aminoacyl-tRNA_biosynthesis
1768,RVBDnt36,Aminoacyl-tRNA_biosynthesis
1769,RVBDnt16,Aminoacyl-tRNA_biosynthesis
1770,RVBDnt11,Aminoacyl-tRNA_biosynthesis
1771,RVBDnt35,Aminoacyl-tRNA_biosynthesis
1772,RVBDnt27,Aminoacyl-tRNA_biosynthesis
1773,RVBDnt04,Aminoacyl-tRNA_biosynthesis
1774,RVBDnt32,Aminoacyl-tRNA_biosynthesis
1775,RVBDnt29,Aminoacyl-tRNA_biosynthesis
1776,RVBDnt01,Aminoacyl-tRNA_biosynthesis
1777,RVBDnt03,Aminoacyl-tRNA_biosynthesis
1778,RVBDnt22,Aminoacyl-tRNA_biosynthesis
1779,RVBDnt19,Aminoacyl-tRNA_biosynthesis
1780,RVBDnt20,Aminoacyl-tRNA_biosynthesis
1781,RVBDnt17,Aminoacyl-tRNA_biosynthesis
1782,RVBDnt10,Aminoacyl-tRNA_biosynthesis
1783,RVBDnt30,Aminoacyl-tRNA_biosynthesis
1784,RVBDnt24,Aminoacyl-tRNA_biosynthesis
1785,RVBDnt07,Aminoacyl-tRNA_biosynthesis
1786,RVBDnt38,Aminoacyl-tRNA_biosynthesis
1787,RVBDnt13,Aminoacyl-tRNA_biosynthesis
1788,RVBDnt40,Aminoacyl-tRNA_biosynthesis
1789,RVBDnt21,Aminoacyl-tRNA_biosynthesis
1790,RVBDnt26,Aminoacyl-tRNA_biosynthesis
1791,RVBDnt44,Aminoacyl-tRNA_biosynthesis
1792,RVBDnt41,Aminoacyl-tRNA_biosynthesis
1793,RVBDnt42,Aminoacyl-tRNA_biosynthesis
1794,RVBDnt45,Aminoacyl-tRNA_biosynthesis
1795,RVBDnt06,Aminoacyl-tRNA_biosynthesis
1796,RVBDnt09,Aminoacyl-tRNA_biosynthesis
1797,RVBDnt39,Aminoacyl-tRNA_biosynthesis
1798,RVBDnt08,Aminoacyl-tRNA_biosynthesis
1799,RVBDnt05,Aminoacyl-tRNA_biosynthesis
1800,RVBDnt31,Aminoacyl-tRNA_biosynthesis
1801,RVBDnt23,Aminoacyl-tRNA_biosynthesis
1802,RVBDnt34,Aminoacyl-tRNA_biosynthesis
1803,RVBD2992c,Aminoacyl-tRNA_biosynthesis
1804,RVBD3011c,Aminoacyl-tRNA_biosynthesis
1805,RVBD3009c,Aminoacyl-tRNA_biosynthesis
1806,RVBD3012c,Aminoacyl-tRNA_biosynthesis
1807,RVBD2555c,Aminoacyl-tRNA_biosynthesis
1808,RVBD2572c,Aminoacyl-tRNA_biosynthesis
1809,RVBD2357c,Aminoacyl-tRNA_biosynthesis
1810,RVBD2614c,Aminoacyl-tRNA_biosynthesis
1811,RVBD3834c,Aminoacyl-tRNA_biosynthesis
1812,RVBD3580c,Aminoacyl-tRNA_biosynthesis
1813,RVBD1007c,Aminoacyl-tRNA_biosynthesis
1814,RVBD1406,Aminoacyl-tRNA_biosynthesis
1815,RVBD2448c,Aminoacyl-tRNA_biosynthesis
1816,RVBD0041,Aminoacyl-tRNA_biosynthesis
1817,RVBD1536,Aminoacyl-tRNA_biosynthesis
1818,RVBD3598c,Aminoacyl-tRNA_biosynthesis
1819,RVBD1640c,Aminoacyl-tRNA_biosynthesis
1820,RVBD1292,Aminoacyl-tRNA_biosynthesis
1821,RVBD2845c,Aminoacyl-tRNA_biosynthesis
1822,RVBD2580c,Aminoacyl-tRNA_biosynthesis
1823,RVBD1649,Aminoacyl-tRNA_biosynthesis
1824,RVBD1650,Aminoacyl-tRNA_biosynthesis
1825,RVBD1689,Aminoacyl-tRNA_biosynthesis
1826,RVBD3336c,Aminoacyl-tRNA_biosynthesis
1827,RVBD0732,Protein_export
1828,RVBD0638,Protein_export
1829,RVBD1440,Protein_export
1830,RVBD2587c,Protein_export
1831,RVBD2586c,Protein_export
1832,RVBD2588c,Protein_export
1833,RVBD3921c,Protein_export
1834,RVBD3240c,Protein_export
1835,RVBD1821,Protein_export
1836,RVBD2916c,Protein_export
1837,RVnc0006,Protein_export
1838,RVBD2921c,Protein_export
1839,RVBD2094c,Protein_export
1840,RVBD1224,Protein_export
1841,RVBD2093c,Protein_export
1842,RVBD2903c,Protein_export
1843,RVBD1539,Protein_export
1844,RVBD3025c,Sulfur_relay_system
1845,RVBD0815c,Sulfur_relay_system
1846,RVBD2291,Sulfur_relay_system
1847,RVBD3117,Sulfur_relay_system
1848,RVBD3283,Sulfur_relay_system
1849,RVBD3024c,Sulfur_relay_system
1850,RVBD3119,Sulfur_relay_system
1851,RVBD0866,Sulfur_relay_system
1852,RVBD3109,Sulfur_relay_system
1853,RVBD0869c,Sulfur_relay_system
1854,RVBD3112,Sulfur_relay_system
1855,RVBD1335,Sulfur_relay_system
1856,RVBD0868c,Sulfur_relay_system
1857,RVBD3323c,Sulfur_relay_system
1858,RVBD3206c,Sulfur_relay_system
1859,RVBD3116,Sulfur_relay_system
1860,RVBD3111,Sulfur_relay_system
1861,RVBD0864,Sulfur_relay_system
1862,RVBD3324c,Sulfur_relay_system
1863,RVBD0416,Sulfur_relay_system
1864,RVBD1336,Sulfur_relay_system
1865,RVBD1334,Sulfur_relay_system
1866,RVBD2115c,Proteasome
1867,RVBD2109c,Proteasome
1868,RVBD2110c,Proteasome
1869,RVBD2444c,RNA_degradation
1870,RVBD1023,RNA_degradation
1871,RVBD2783c,RNA_degradation
1872,RVBD1253,RNA_degradation
1873,RVBD1297,RNA_degradation
1874,RVBD2752c,RNA_degradation
1875,RVBD0350,RNA_degradation
1876,RVBD0440,RNA_degradation
1877,RVBD3417c,RNA_degradation
1878,RVBD2984,RNA_degradation
1879,RVBD3232c,RNA_degradation
1880,RVBD3907c,RNA_degradation
1881,RVBD3711c,DNA_replication
1882,RVBD2191,DNA_replication
1883,RVBD1547,DNA_replication
1884,RVBD3721c,DNA_replication
1885,RVBD3644c,DNA_replication
1886,RVBD2413c,DNA_replication
1887,RVBD0002,DNA_replication
1888,RVBD0058,DNA_replication
1889,RVBD2343c,DNA_replication
1890,RVBD0054,DNA_replication
1891,RVBD2478c,DNA_replication
1892,RVBD2228c,DNA_replication
1893,RVBD2902c,DNA_replication
1894,RVBD1629,DNA_replication
1895,RVBD3014c,DNA_replication
1896,RVBD3062,DNA_replication
1897,RVBD0944,Base_excision_repair
1898,RVBD2924c,Base_excision_repair
1899,RVBD3297,Base_excision_repair
1900,RVBD2464c,Base_excision_repair
1901,RVBD3674c,Base_excision_repair
1902,RVBD1317c,Base_excision_repair
1903,RVBD1210,Base_excision_repair
1904,RVBD1259,Base_excision_repair
1905,RVBD2976c,Base_excision_repair
1906,RVBD3589,Base_excision_repair
1907,RVBD1688,Base_excision_repair
1908,RVBD0427c,Base_excision_repair
1909,RVBD0670,Base_excision_repair
1910,RVBD1629,Base_excision_repair
1911,RVBD3014c,Base_excision_repair
1912,RVBD3062,Base_excision_repair
1913,RVBD1020,Nucleotide_excision_repair
1914,RVBD1638,Nucleotide_excision_repair
1915,RVBD1633,Nucleotide_excision_repair
1916,RVBD1420,Nucleotide_excision_repair
1917,RVBD0949,Nucleotide_excision_repair
1918,RVBD3198c,Nucleotide_excision_repair
1919,RVBD3201c,Nucleotide_excision_repair
1920,RVBD1629,Nucleotide_excision_repair
1921,RVBD3014c,Nucleotide_excision_repair
1922,RVBD0861c,Nucleotide_excision_repair
1923,RVBD3062,Nucleotide_excision_repair
1924,RVBD0949,Mismatch_repair
1925,RVBD3198c,Mismatch_repair
1926,RVBD3201c,Mismatch_repair
1927,RVBD1108c,Mismatch_repair
1928,RVBD1107c,Mismatch_repair
1929,RVBD0054,Mismatch_repair
1930,RVBD2478c,Mismatch_repair
1931,RVBD1547,Mismatch_repair
1932,RVBD0002,Mismatch_repair
1933,RVBD3721c,Mismatch_repair
1934,RVBD2413c,Mismatch_repair
1935,RVBD3644c,Mismatch_repair
1936,RVBD3711c,Mismatch_repair
1937,RVBD2191,Mismatch_repair
1938,RVBD3014c,Mismatch_repair
1939,RVBD3062,Mismatch_repair
1940,RVBD0054,Homologous_recombination
1941,RVBD2478c,Homologous_recombination
1942,RVBD0003,Homologous_recombination
1943,RVBD2362c,Homologous_recombination
1944,RVBD3715c,Homologous_recombination
1945,RVBD2737c,Homologous_recombination
1946,RVBD1629,Homologous_recombination
1947,RVBD2593c,Homologous_recombination
1948,RVBD2592c,Homologous_recombination
1949,RVBD2594c,Homologous_recombination
1950,RVBD2973c,Homologous_recombination
1951,RVBD0630c,Homologous_recombination
1952,RVBD0631c,Homologous_recombination
1953,RVBD0629c,Homologous_recombination
1954,RVBD1547,Homologous_recombination
1955,RVBD0002,Homologous_recombination
1956,RVBD3721c,Homologous_recombination
1957,RVBD2413c,Homologous_recombination
1958,RVBD3644c,Homologous_recombination
1959,RVBD3711c,Homologous_recombination
1960,RVBD2191,Homologous_recombination
1961,RVBD1402,Homologous_recombination
1962,RVBD0937c,Non-homologous_end-joining
1963,RVBD0938,Non-homologous_end-joining
1964,RVBD2400c,ABC_transporters
1965,RVBD2399c,ABC_transporters
1966,RVBD2398c,ABC_transporters
1967,RVBD2397c,ABC_transporters
1968,RVBD1857,ABC_transporters
1969,RVBD1858,ABC_transporters
1970,RVBD1859,ABC_transporters
1971,RVBD3759c,ABC_transporters
1972,RVBD3757c,ABC_transporters
1973,RVBD3756c,ABC_transporters
1974,RVBD3758c,ABC_transporters
1975,RVBD2038c,ABC_transporters
1976,RVBD1238,ABC_transporters
1977,RVBD3494c,ABC_transporters
1978,RVBD3495c,ABC_transporters
1979,RVBD3497c,ABC_transporters
1980,RVBD3498c,ABC_transporters
1981,RVBD1967,ABC_transporters
1982,RVBD1968,ABC_transporters
1983,RVBD1969,ABC_transporters
1984,RVBD1970,ABC_transporters
1985,RVBD1971,ABC_transporters
1986,RVBD0170,ABC_transporters
1987,RVBD0173,ABC_transporters
1988,RVBD0174,ABC_transporters
1989,RVBD0591,ABC_transporters
1990,RVBD0593,ABC_transporters
1991,RVBD0594,ABC_transporters
1992,RVBD0589,ABC_transporters
1993,RVBD1966,ABC_transporters
1994,RVBD0169,ABC_transporters
1995,RVBD0171,ABC_transporters
1996,RVBD0592,ABC_transporters
1997,RVBD3499c,ABC_transporters
1998,RVBD3496c,ABC_transporters
1999,RVBD0172,ABC_transporters
2000,RVBD3500c,ABC_transporters
2001,RVBD3501c,ABC_transporters
2002,RVBD1964,ABC_transporters
2003,RVBD1965,ABC_transporters
2004,RVBD0167,ABC_transporters
2005,RVBD0168,ABC_transporters
2006,RVBD0587,ABC_transporters
2007,RVBD0588,ABC_transporters
2008,RVBD0655,ABC_transporters
2009,RVBD2833c,ABC_transporters
2010,RVBD2835c,ABC_transporters
2011,RVBD2834c,ABC_transporters
2012,RVBD2832c,ABC_transporters
2013,RVBD0928,ABC_transporters
2014,RVBD0932c,ABC_transporters
2015,RVBD0934,ABC_transporters
2016,RVBD0929,ABC_transporters
2017,RVBD0935,ABC_transporters
2018,RVBD0930,ABC_transporters
2019,RVBD0936,ABC_transporters
2020,RVBD0820,ABC_transporters
2021,RVBD0933,ABC_transporters
2022,RVBD3666c,ABC_transporters
2023,RVBD3665c,ABC_transporters
2024,RVBD3664c,ABC_transporters
2025,RVBD2325c,ABC_transporters
2026,RVBD2326c,ABC_transporters
2027,RVBD2686c,ABC_transporters
2028,RVBD2687c,ABC_transporters
2029,RVBD2688c,ABC_transporters
2030,RVBD3101c,ABC_transporters
2031,RVBD3102c,ABC_transporters
2032,RVBD1348,ABC_transporters
2033,RVBD1349,ABC_transporters
2034,RVBD0194,ABC_transporters
2035,RVBD1620c,ABC_transporters
2036,RVBD1621c,ABC_transporters
2037,RVBD1819c,ABC_transporters
2038,RVBD2587c,Bacterial_secretion_system
2039,RVBD2586c,Bacterial_secretion_system
2040,RVBD0638,Bacterial_secretion_system
2041,RVBD1440,Bacterial_secretion_system
2042,RVBD0732,Bacterial_secretion_system
2043,RVBD2588c,Bacterial_secretion_system
2044,RVBD3921c,Bacterial_secretion_system
2045,RVBD3240c,Bacterial_secretion_system
2046,RVBD1821,Bacterial_secretion_system
2047,RVBD2921c,Bacterial_secretion_system
2048,RVBD2916c,Bacterial_secretion_system
2049,RVBD2094c,Bacterial_secretion_system
2050,RVBD1224,Bacterial_secretion_system
2051,RVBD2093c,Bacterial_secretion_system
2052,RVBD0490,Two-component_system
2053,RVBD0491,Two-component_system
2054,RVBD0928,Two-component_system
2055,RVBD0932c,Two-component_system
2056,RVBD0934,Two-component_system
2057,RVBD1028c,Two-component_system
2058,RVBD1027c,Two-component_system
2059,RVBD1029,Two-component_system
2060,RVBD1030,Two-component_system
2061,RVBD1031,Two-component_system
2062,RVBD1456c,Two-component_system
2063,RVBD0982,Two-component_system
2064,RVBD0981,Two-component_system
2065,RVBD0983,Two-component_system
2066,RVBD3245c,Two-component_system
2067,RVBD3246c,Two-component_system
2068,RVBD0001,Two-component_system
2069,RVBD0902c,Two-component_system
2070,RVBD0903c,Two-component_system
2071,RVBD1032c,Two-component_system
2072,RVBD1033c,Two-component_system
2073,RVBD0838,Two-component_system
2074,RVBD2498c,Two-component_system
2075,RVBD3075c,Two-component_system
2076,RVBD2332,Two-component_system
2077,RVBD0844c,Two-component_system
2078,RVBD1161,Two-component_system
2079,RVBD1736c,Two-component_system
2080,RVBD1162,Two-component_system
2081,RVBD1164,Two-component_system
2082,RVBD1163,Two-component_system
2083,RVBD1552,Two-component_system
2084,RVBD1553,Two-component_system
2085,RVBD1554,Two-component_system
2086,RVBD1555,Two-component_system
2087,RVBD3132c,Two-component_system
2088,RVBD3133c,Two-component_system
2089,RVBD2918c,Two-component_system
2090,RVBD2919c,Two-component_system
2091,RVBD2220,Two-component_system
2092,RVBD2222c,Two-component_system
2093,RVBD2860c,Two-component_system
2094,RVBD1878,Two-component_system
2095,RVBD1323,Two-component_system
2096,RVBD1074c,Two-component_system
2097,RVBD1867,Two-component_system
2098,RVBD3546,Two-component_system
2099,RVBD0859,Two-component_system
2100,RVBD0914c,Two-component_system
2101,RVBD3523,Two-component_system
2102,RVBD0243,Two-component_system
2103,RVBD3556c,Two-component_system
2104,RVBD2443,Two-component_system
2105,RVBD3676,Two-component_system
2106,RVBD1623c,Two-component_system
2107,RVBD1622c,Two-component_system
2108,RVBD2234,Two-component_system
2109,RVBD0153c,Two-component_system
2110,RVBD0062,Two-component_system
2111,RVBD1017c,Arabinogalactan_biosynthesis_-_Mycobacterium
2112,RVBD3806c,Arabinogalactan_biosynthesis_-_Mycobacterium
2113,RVBD3807c,Arabinogalactan_biosynthesis_-_Mycobacterium
2114,RVBD3790,Arabinogalactan_biosynthesis_-_Mycobacterium
2115,RVBD3791,Arabinogalactan_biosynthesis_-_Mycobacterium
2116,RVBD3631,Arabinogalactan_biosynthesis_-_Mycobacterium
2117,RVBD3436c,Peptidoglycan_biosynthesis/regulation
2118,RVBD3441c,Peptidoglycan_biosynthesis/regulation
2119,RVBD1018c,Peptidoglycan_biosynthesis/regulation
2120,RVBD3818,Peptidoglycan_biosynthesis/regulation
2121,RVBD2201,Peptidoglycan_biosynthesis/regulation
2122,RVBD3910,Peptidoglycan_biosynthesis/regulation
2123,RVBD2154c,Peptidoglycan_biosynthesis/regulation
2124,RVBD0050,Peptidoglycan_biosynthesis/regulation
2125,RVBD3682,Peptidoglycan_biosynthesis/regulation
2126,RVBD0116c,Peptidoglycan_biosynthesis/regulation
2127,RVBD2518c,Peptidoglycan_biosynthesis/regulation
2128,RVBD1433,Peptidoglycan_biosynthesis/regulation
2129,RVBD0192,Peptidoglycan_biosynthesis/regulation
2130,RVBD0483,Peptidoglycan_biosynthesis/regulation
2131,RVBD1477,Peptidoglycan_biosynthesis/regulation
2132,RVBD1478,Peptidoglycan_biosynthesis/regulation
2133,RVBD2190c,Peptidoglycan_biosynthesis/regulation
2134,RVBD0867c,Peptidoglycan_biosynthesis/regulation
2135,RVBD1009,Peptidoglycan_biosynthesis/regulation
2136,RVBD1884c,Peptidoglycan_biosynthesis/regulation
2137,RVBD2389c,Peptidoglycan_biosynthesis/regulation
2138,RVBD2450c,Peptidoglycan_biosynthesis/regulation
2139,RVBD3280,Fatty_acid_biosynthesis/transport
2140,RVBD1483,Fatty_acid_biosynthesis/transport
2141,RVBD2483,Fatty_acid_biosynthesis/transport
2142,RVBD0533c,Fatty_acid_biosynthesis/transport
2143,RVBD3799c,Fatty_acid_biosynthesis/transport
2144,RVBD2245,Fatty_acid_biosynthesis/transport
2145,RVBD2246,Fatty_acid_biosynthesis/transport
2146,RVBD1483,Fatty_acid_biosynthesis/transport
2147,RVBD0635,Fatty_acid_biosynthesis/transport
2148,RVBD0636,Fatty_acid_biosynthesis/transport
2149,RVBD0637,Fatty_acid_biosynthesis/transport
2150,RVBD1484,Fatty_acid_biosynthesis/transport
2151,RVBD0645c,Fatty_acid_biosynthesis/transport
2152,RVBD0644c,Fatty_acid_biosynthesis/transport
2153,RVBD0643c,Fatty_acid_biosynthesis/transport
2154,RVBD0642c,Fatty_acid_biosynthesis/transport
2155,RVBD0470c,Fatty_acid_biosynthesis/transport
2156,RVBD3392c,Fatty_acid_biosynthesis/transport
2157,RVBD0503c,Fatty_acid_biosynthesis/transport
2158,RVBD3801c,Fatty_acid_biosynthesis/transport
2159,RVBD3800c,Fatty_acid_biosynthesis/transport
2160,RVBD2509,Fatty_acid_biosynthesis/transport
2161,RVBD0206c,Fatty_acid_biosynthesis/transport
2162,RVBD3804c,Fatty_acid_biosynthesis/transport
2163,RVBD3802c,Fatty_acid_biosynthesis/transport
2164,RVBD6000,tRNA
2165,RVBD6001,tRNA
2166,RVBD6002,tRNA
2167,RVBD6003,tRNA
2168,RVBD6004,tRNA
2169,RVBD6005,tRNA
2170,RVBD6006,tRNA
2171,RVBD6007,tRNA
2172,RVBD6008,tRNA
2173,RVBD6009,tRNA
2174,RVBD610,tRNA
2175,RVBD6011,tRNA
2176,RVBD6012,tRNA
2177,RVBD6013,tRNA
2178,RVBD6014,tRNA
2179,RVBD6015,tRNA
2180,RVBD6016,tRNA
2181,RVBD6017,tRNA
2182,RVBD6021,tRNA
2183,RVBD6022,tRNA
2184,RVBD6023,tRNA
2185,RVBD6024,tRNA
2186,RVBD6025,tRNA
2187,RVBD6026,tRNA
2188,RVBD6027,tRNA
2189,RVBD6028,tRNA
2190,RVBD6029,tRNA
2191,RVBD6030,tRNA
2192,RVBD6031,tRNA
2193,RVBD6032,tRNA
2194,RVBD6033,tRNA
2195,RVBD6034,tRNA
2196,RVBD6035,tRNA
2197,RVBD6036,tRNA
2198,RVBD6037,tRNA
2199,RVBD6038,tRNA
2200,RVBD6039,tRNA
2201,RVBD6040,tRNA
2202,RVBD6041,tRNA
2203,RVBD6042,tRNA
2204,RVBD6043,tRNA
2205,RVBD6044,tRNA
2206,RVBD6045,tRNA
2207,RVBD6046,tRNA
2208,RVBD6047,tRNA
3210,RVBD0053,Ribosome
3410,RVBD0055,Ribosome
3510,RVBD0056,Ribosome
4410,RVBD0079,Ribosome
5810,RVBD0105c,Ribosome
2741,RVBD0634B,Ribosome
2801,RVBD0640,Ribosome
2811,RVBD0641,Ribosome
2861,RVBD0651,Ribosome
2871,RVBD0652,Ribosome
3031,RVBD0682,Ribosome
3041,RVBD0683,Ribosome
3171,RVBD0700,Ribosome
3181,RVBD0701,Ribosome
3191,RVBD0702,Ribosome
3201,RVBD0703,Ribosome
3211,RVBD0704,Ribosome
3221,RVBD0705,Ribosome
3231,RVBD0706,Ribosome
3241,RVBD0707,Ribosome
3251,RVBD0708,Ribosome
3261,RVBD0709,Ribosome
3271,RVBD0710,Ribosome
3281,RVBD0714,Ribosome
3291,RVBD0715,Ribosome
3301,RVBD0716,Ribosome
3311,RVBD0717,Ribosome
3321,RVBD0718,Ribosome
3331,RVBD0719,Ribosome
3341,RVBD0720,Ribosome
3361,RVBD0721,Ribosome
3371,RVBD0723,Ribosome
4221,RVBD0979A,Ribosome
4451,RVBD1015c,Ribosome
5571,RVBD1298,Ribosome
7141,RVBD1630,Ribosome
7241,RVBD1642,Ribosome
7251,RVBD1643,Ribosome
8671,RVBD2055c,Ribosome
8681,RVBD2056c,Ribosome
8691,RVBD2057c,Ribosome
8701,RVBD2058c,Ribosome
10291,RVBD2412,Ribosome
10441,RVBD2441c,Ribosome
10451,RVBD2442c,Ribosome
11841,RVBD2785c,Ribosome
12171,RVBD2890c,Ribosome
12231,RVBD2904c,Ribosome
12241,RVBD2909c,Ribosome
13471,RVBD3241c,Ribosome
14351,RVBD3442c,Ribosome
14361,RVBD3443c,Ribosome
14451,RVBD3456c,Ribosome
14471,RVBD3459c,Ribosome
14481,RVBD3460c,Ribosome
14491,RVBD3461c,Ribosome
16771,RVBD3924c,Ribosome
16781,RVBD0719,Ribosome
16791,RVBD0721,Ribosome
16811,RVBD0716,Ribosome
16821,RVBD0706,Ribosome
16831,RVBD0703,Ribosome
16841,RVBD0701,Ribosome
16861,RVBD0682,Ribosome
16881,RVBD0720,Ribosome
16891,RVBD0714,Ribosome
16901,RVBD0723,Ribosome
16921,RVBD0704,Ribosome
16941,RVBD0707,Ribosome
17001,RVBD2909c,Ribosome
17051,RVBD0718,Ribosome
17091,RVBD3456c,Ribosome
17101,RVBD0700,Ribosome
17121,RVBD0708,Ribosome
17161,RVBD0709,Ribosome
17181,RVBD3443c,Ribosome
17301,RVBD3924c,Ribosome
17391,RVBD3459c,Ribosome
17421,RVBD0702,Ribosome
17441,RVBD0641,Ribosome
17491,RVBD2890c,Ribosome
17591,RVBD2442c,Ribosome
17641,RVBD1643,Ribosome
17731,RVBD0055,Ribosome
18001,RVBD2441c,Ribosome
18251,RVBD1630,Ribosome
18611,RVBD3442c,Ribosome
19091,RVBD2412,Ribosome
19881,RVBD0634B,Ribosome
21141,RVBD1015c,Ribosome